dhcp_fingerprint_id,device_id,satori_name,device_type,device_vendor,dhcp_option55
54841,91,2Wire Residential Gateway,Router,"2Wire, Inc.","1,2,3,6,15,88,42,44,46,47"
714,181,3Com IP Phone,VoIP Phone,3Com,"1,3,6,15,35,66,58,59,120,184,26"
32951,29763,Adobe Flash Player,Miscellaneous,Adobe,43
104,5510,Alcatel 4037 Advanced Reflex IP Phone,VoIP Phone,Alcatel-Lucent,"1,28,54,58,59,60,43,3"
104,5510,Alcatel 4037 Advanced Reflex IP Phone,VoIP Phone,Alcatel-Lucent,"1,28,54,58,59,60,43,3"
2287,5510,Alcatel IP Touch 8 Series Phones,VoIP Phone,Alcatel-Lucent,"1,3,28,43,58,59"
2287,5510,Alcatel IP Touch 8 Series Phones,VoIP Phone,Alcatel-Lucent,"1,3,28,43,58,59"
450,9417,Amazon Fire OS 3.0,eBook Reader,Amazon,"1,33,3,6,15,28,51,58,59"
450,9417,Amazon Fire OS 3.0,eBook Reader,Amazon,"1,33,3,6,15,28,51,58,59"
467,9417,Amazon Fire OS 4.5.5,tablet,Amazon,"1,33,3,6,15,26,28,51,58,59"
467,9417,Amazon Fire OS 5.2.x,Smart TV,Amazon,"1,33,3,6,15,26,28,51,58,59"
450,9417,Amazon Fire OS 5.6.x,Tablet,Amazon,"1,33,3,6,15,28,51,58,59"
450,9417,Amazon Fire OS 5.6.x,Tablet,Amazon,"1,33,3,6,15,28,51,58,59"
467,9417,Amazon Fire OS 5.6.x,Tablet,Amazon,"1,33,3,6,15,26,28,51,58,59"
6320,30006,Amcrest IP3M-943 Camera,IP Network Camera,Amcrest,"1,3,4,5,6,12,15,28,42"
6320,30006,Amcrest IP3M-943 Camera,IP Network Camera,Amcrest,"1,3,4,5,6,12,15,28,42"
45444,142,Amino AmiNET110,IPTV,Amino Technologies,"1,2,3,6,12,15,17,23,28,29,31,33,40,41,42,43"
301,142,Amino AmiNET110,IPTV,Amino Technologies,"1,3,6,12,15,17,23,28,29,31,33,40,41,42,43"
45444,142,Amino AmiNET110,IPTV,Amino Technologies,"1,2,3,6,12,15,17,23,28,29,31,33,40,41,42,43"
7521,243,Anaconda,,,"1,3,6,15,28,12,7,9,42,48,49,26"
426,202,Android 0.9,Smartphone,,"1,3,6,28"
426,202,Android 0.9,Smartphone,,"1,3,6,28"
448,202,Android 1.0,Smartphone,,"1,3,6,28,33,51,58,59,121"
448,202,Android 1.0,Smartphone,,"1,3,6,28,33,51,58,59,121"
448,202,Android 1.5-2.1,Smartphone,,"1,3,6,28,33,51,58,59,121"
448,202,Android 1.5-2.1,Smartphone,,"1,3,6,28,33,51,58,59,121"
426,202,Android 1.5-2.1,Smartphone,,"1,3,6,28"
13149,202,Android 10.x,Smartphone,,"1,3,6,15,26,28,51,58,59,43"
13149,202,Android 10.x,Smartphone,,"1,3,6,15,26,28,51,58,59,43"
72622,202,Android 10.x,Smartphone,,"1,3,6,15,26,28,51,58,59,43,108"
72622,202,Android 10.x,Smartphone,,"1,3,6,15,26,28,51,58,59,43,108"
72473,202,Android 11.x,Smartphone,,"1,3,6,15,26,28,51,58,59,43,114"
13149,202,Android 11.x,Smartphone,,"1,3,6,15,26,28,51,58,59,43"
72473,202,Android 11.x,Smartphone,,"1,3,6,15,26,28,51,58,59,43,114"
72620,202,Android 11.x,Smartphone,,"1,3,6,15,26,28,51,58,59,43,114,108"
72620,202,Android 11.x,Smartphone,,"1,3,6,15,26,28,51,58,59,43,114,108"
72620,202,Android 12.x,Smartphone,,"1,3,6,15,26,28,51,58,59,43,114,108"
72620,202,Android 12.x,Smartphone,,"1,3,6,15,26,28,51,58,59,43,114,108"
72620,202,Android 13.x,Smartphone,,"1,3,6,15,26,28,51,58,59,43,114,108"
72620,202,Android 13.x,Smartphone,,"1,3,6,15,26,28,51,58,59,43,114,108"
72620,202,Android 14.x,Smartphone,,"1,3,6,15,26,28,51,58,59,43,114,108"
445,202,Android 2.2.x,Smartphone,,"1,121,33,3,6,28,51,58,59"
445,202,Android 2.2.x,Smartphone,,"1,121,33,3,6,28,51,58,59"
444,202,Android 2.3.x,Smartphone,,"1,121,33,3,6,15,28,51,58,59,119"
444,202,Android 2.3.x,Smartphone,,"1,121,33,3,6,15,28,51,58,59,119"
456,202,Android 3.0.x,Smartphone,,"1,33,3,6,28,51,58,59"
456,202,Android 3.0.x,Smartphone,,"1,33,3,6,28,51,58,59"
3828,202,Android 6.0.x,Smartphone,,"1,3,6,15,26,28,51,58,59"
3828,202,Android 6.0.x,Smartphone,,"1,3,6,15,26,28,51,58,59"
13149,202,Android 7.0.x,Smartphone,,"1,3,6,15,26,28,51,58,59,43"
13149,202,Android 7.0.x,Smartphone,,"1,3,6,15,26,28,51,58,59,43"
13149,202,Android 7.1.x,Smartphone,,"1,3,6,15,26,28,51,58,59,43"
13149,202,Android 7.1.x,Smartphone,,"1,3,6,15,26,28,51,58,59,43"
13149,202,Android 8.0.x,Smartphone,,"1,3,6,15,26,28,51,58,59,43"
13149,202,Android 8.0.x,Smartphone,,"1,3,6,15,26,28,51,58,59,43"
13149,202,Android 8.1.x,Smartphone,,"1,3,6,15,26,28,51,58,59,43"
13149,202,Android 8.1.x,Smartphone,,"1,3,6,15,26,28,51,58,59,43"
13149,202,Android 9.x,Smartphone,,"1,3,6,15,26,28,51,58,59,43"
13149,202,Android 9.x,Smartphone,,"1,3,6,15,26,28,51,58,59,43"
11878,,Anonym.OS,,,"1,28,3"
11878,,Anonym.OS,,,"1,28,3"
11883,,APC UPS,UPS,American Power Conversion Corp.,"6,3,1,15,66,67,13,43,58,59,42,2,12"
11883,,APC UPS,UPS,American Power Conversion Corp.,"6,3,1,15,66,67,13,43,58,59,42,2,12"
490,,APC UPS,UPS,American Power Conversion Corp.,"6,3,1,15,66,67,13,44,12,43,58,59,42,2"
60438,86,Apple Airport,Wireless Router,"Apple, Inc.","28,3,6,15"
9299,86,Apple Airport,Wireless Router,"Apple, Inc.","1,28,3,6,15"
183,86,Apple Airport,Wireless Router,"Apple, Inc.","1,2,3,15,6,12,44"
183,86,Apple Airport Extreme,Wireless Router,"Apple, Inc.","1,2,3,15,6,12,44"
1231,86,Apple Netboot,,,"1,3,43,60"
513,86,Apple Netboot,,,"1,3,67,43,60"
1231,86,Apple Netboot,,,"1,3,43,60"
513,86,Apple Netboot,,,"1,3,67,43,60"
56311,42,Avaya IP Phone,VoIP Phone,"Avaya, Inc.","1,3,6,15,66,69,43,176"
56312,42,Avaya IP Phone,VoIP Phone,"Avaya, Inc.","1,3,7,6,15,66,69,43,176"
5320,42,Avaya IP Phone,VoIP Phone,"Avaya, Inc.","1,28,3,6,15,42,242"
5320,42,Avaya IP Phone,VoIP Phone,"Avaya, Inc.","1,28,3,6,15,42,242"
1021,42,Avaya IP Phone,VoIP Phone,"Avaya, Inc.","1,28,3,6,15,42,43,176,66"
1021,42,Avaya IP Phone,VoIP Phone,"Avaya, Inc.","1,28,3,6,15,42,43,176,66"
555,15633,Axis 212 PTZ,IP Network Camera,Axis Communications,"1,3,6,12,15,28,40,41,42"
555,15633,Axis 216FD,IP Network Camera,Axis Communications,"1,3,6,12,15,28,40,41,42"
555,15633,Axis 216FD,IP Network Camera,Axis Communications,"1,3,6,12,15,28,40,41,42"
555,15633,AXIS 241Q Video Server,IP Network Camera,Axis Communications,"1,3,6,12,15,28,40,41,42"
419,15633,AXIS M3007,IP Network Camera,Axis Communications,"1,3,6,12,15,28,42"
419,15633,AXIS M3203,IP Network Camera,Axis Communications,"1,3,6,12,15,28,42"
419,15633,AXIS M5065,IP Network Camera,Axis Communications,"1,3,6,12,15,28,42"
555,15633,Axis Network Camera,IP Network Camera,Axis Communications,"1,3,6,12,15,28,40,41,42"
419,15633,AXIS P3224-LV,IP Network Camera,Axis Communications,"1,3,6,12,15,28,42"
419,15633,AXIS P3304,IP Network Camera,Axis Communications,"1,3,6,12,15,28,42"
272,,Backtrack 1.0,,,"1,3,6,12,15,17,23,28,29,31,33,40,41,42"
272,,Backtrack 1.0,,,"1,3,6,12,15,17,23,28,29,31,33,40,41,42"
76,98973,BATM VoIP Adapter,VoIP Gateway,BATM,"1,3,6,15,12"
168,106,Belkin F5D8235-4 v2,Wireless Router,Belkin,"1,3,6,12,15,28,44"
555,106,Belkin Skype Phone,VoIP Phone,Belkin,"1,3,6,12,15,28,40,41,42"
76,239,BeOS 4.x,,,"1,3,6,15,12"
76,239,BeOS 4.x,,,"1,3,6,15,12"
60455,239,BeOS 5.0,,,"1,3,6,15,12,19"
60455,239,BeOS 5.0,,,"1,3,6,15,12,19"
284,16122,Biamp Tesira,DSP,Biamp,"1,121,33,3,6,12,15,26,28,51,54,58,59,119"
270,16122,Biamp Tesira ForteX,,Biamp,"1,121,33,3,6,12,15,26,28,42,51,54,58,59,119"
270,16122,Biamp Tesira ForteX,,Biamp,"1,121,33,3,6,12,15,26,28,42,51,54,58,59,119"
42921,,Big-IP F5,Load Balancer,,"1,28,3,15,6,12,42,26"
289,192,BlackBerry,Smartphone,BlackBerry,"1,3,6,15"
289,192,BlackBerry,Smartphone,BlackBerry,"1,3,6,15"
60442,192,BlackBerry,Smartphone,BlackBerry,"56,6,1,3,15"
246,192,BlackBerry Smartphone,Smartphone,BlackBerry,"1,28,2,3,15,6,12"
246,192,BlackBerry Smartphone,Smartphone,BlackBerry,"1,28,2,3,15,6,12"
246,192,BlackBerry Tablet,Smartphone,BlackBerry,"1,28,2,3,15,6,12"
246,192,BlackBerry Tablet,Smartphone,BlackBerry,"1,28,2,3,15,6,12"
60466,94,Bluesocket BSC,Wireless Router,Bluesocket,"1,28,3,15,6,12,44"
72609,7554,BrightSign AU335,Digital Signage,BrightSign,"1,121,3,6,12,15,26,28,33,42,43,51,58,59,119"
5565,7554,BrightSign HD1022,Digital Signage,BrightSign,"1,121,33,3,6,12,15,28,43,51,58,59,119"
42715,7554,BrightSign HD223,Digital Signage,BrightSign,"1,121,33,3,6,12,15,26,28,43,51,58,59,119"
45407,7554,BrightSign HD223,Digital Signage,BrightSign,"1,121,33,3,6,12,15,26,28,42,43,51,58,59,119"
45407,7554,BrightSign HD223,Digital Signage,BrightSign,"1,121,33,3,6,12,15,26,28,42,43,51,58,59,119"
72609,7554,BrightSign HD225,Digital Signage,BrightSign,"1,121,3,6,12,15,26,28,33,42,43,51,58,59,119"
45407,7554,BrightSign LS424,Digital Signage,BrightSign,"1,121,33,3,6,12,15,26,28,42,43,51,58,59,119"
45407,7554,BrightSign LS424,Digital Signage,BrightSign,"1,121,33,3,6,12,15,26,28,42,43,51,58,59,119"
72609,7554,BrightSign XD234,Digital Signage,BrightSign,"1,121,3,6,12,15,26,28,33,42,43,51,58,59,119"
72609,7554,BrightSign XD234,Digital Signage,BrightSign,"1,121,3,6,12,15,26,28,33,42,43,51,58,59,119"
72609,7554,BrightSign XT1144,Digital Signage,BrightSign,"1,121,3,6,12,15,26,28,33,42,43,51,58,59,119"
72609,7554,BrightSign XT1144,Digital Signage,BrightSign,"1,121,3,6,12,15,26,28,33,42,43,51,58,59,119"
11681,161,Brother Printer,Printer,"Brother Industries, Ltd.","1,3,6,12,15,28,42,40,44,46"
11681,161,Brother Printer,Printer,"Brother Industries, Ltd.","1,3,6,12,15,28,42,40,44,46"
365,161,Brother Printer,Printer,"Brother Industries, Ltd.","6,3,1,15,66,67,13,12,44"
365,161,Brother Printer 2,Printer,"Brother Industries, Ltd.","6,3,1,15,66,67,13,12,44"
50180,93,Buffalo Wireless Access Point,Wireless Access Point,"Buffalo Technology, Inc.","1,3,6,12,15,23,28,29,31,33,40,41,42,44"
289,103003,Cannon Image Runner 6755,Printer,Cannon,"1,3,6,15"
11876,103003,Cannon Image Runner C3826,Printer,Cannon,"1,3,6,15,44"
42928,103003,Cannon Image Runner C3826,Printer,Cannon,"1,3,6,15,44,69"
48664,103003,Cannon Image Runner C5550 III,Printer,Cannon,"1,3,6,12,15,44"
42602,103003,Cannon Image Runner C5850,Printer,Cannon,"12,15"
11876,103003,Cannon Image Runner C5850,Printer,Cannon,"1,3,6,15,44"
60458,158,Canon Printer,Printer,"Canon, Inc.","3,6,15,44,47"
342,158,Canon Printer,Printer,"Canon, Inc.","1,3,6,15,44,47"
284,14805,Chromebook,,,"1,121,33,3,6,12,15,26,28,51,54,58,59,119"
285,14805,Chromebook,,,"1,121,33,3,6,12,15,26,28,51,54,58,59,119,252"
284,14805,Chromebook,,,"1,121,33,3,6,12,15,26,28,51,54,58,59,119"
285,14805,Chromebook,,,"1,121,33,3,6,12,15,26,28,51,54,58,59,119,252"
450,33640,Chromecast,Digital Media Player,"Google, Inc.","1,33,3,6,15,28,51,58,59"
450,33640,Chromecast,Digital Media Player,"Google, Inc.","1,33,3,6,15,28,51,58,59"
11247,41,Cisco 7841 IP Phone,VoIP Phone,"Cisco Systems, Inc.","1,42,66,6,3,15,150,35"
42711,41,Cisco 7841 IP Phone,VoIP Phone,"Cisco Systems, Inc.","1,3,6,15,35,66,150,2,7,42,43,58,59,159,160"
42711,41,Cisco 7841 IP Phone,VoIP Phone,"Cisco Systems, Inc.","1,3,6,15,35,66,150,2,7,42,43,58,59,159,160"
66,41,Cisco 7905 IP Phone,VoIP Phone,"Cisco Systems, Inc.","1,3,6,15,42,66,150"
67,41,Cisco 7905 IP Phone,VoIP Phone,"Cisco Systems, Inc.","1,3,6,15,42,66,51,150"
66,41,Cisco 7905 IP Phone,VoIP Phone,"Cisco Systems, Inc.","1,3,6,15,42,66,150"
1014,41,Cisco 7910 IP Phone,VoIP Phone,"Cisco Systems, Inc.","1,66,6,3,15,150,35"
1014,41,Cisco 7910 IP Phone,VoIP Phone,"Cisco Systems, Inc.","1,66,6,3,15,150,35"
1014,41,Cisco 7911x IP Phone,VoIP Phone,"Cisco Systems, Inc.","1,66,6,3,15,150,35"
1014,41,Cisco 7911x IP Phone,VoIP Phone,"Cisco Systems, Inc.","1,66,6,3,15,150,35"
67,41,Cisco 7912 IP Phone,VoIP Phone,"Cisco Systems, Inc.","1,3,6,15,42,66,51,150"
66,41,Cisco 7912 IP Phone,VoIP Phone,"Cisco Systems, Inc.","1,3,6,15,42,66,150"
64,41,Cisco 7912 IP Phone,VoIP Phone,"Cisco Systems, Inc.","1,3,6,15,35,66,150"
66,41,Cisco 7912 IP Phone,VoIP Phone,"Cisco Systems, Inc.","1,3,6,15,42,66,150"
64,41,Cisco 7912 IP Phone,VoIP Phone,"Cisco Systems, Inc.","1,3,6,15,35,66,150"
65,41,Cisco 7912 IP Phone,VoIP Phone,"Cisco Systems, Inc.","1,3,6,15,35,66,51,150"
2053,41,Cisco 7935 IP Phone,VoIP Phone,"Cisco Systems, Inc.","1,28,66,6,15,3,35,150"
2053,41,Cisco 7935 IP Phone,VoIP Phone,"Cisco Systems, Inc.","1,28,66,6,15,3,35,150"
64,41,Cisco 7937G IP Phone,VoIP Phone,"Cisco Systems, Inc.","1,3,6,15,35,66,150"
64,41,Cisco 7937G IP Phone,VoIP Phone,"Cisco Systems, Inc.","1,3,6,15,35,66,150"
1014,41,Cisco 7940/7960x IP Phone,VoIP Phone,"Cisco Systems, Inc.","1,66,6,3,15,150,35"
69,41,Cisco 7940/7960x IP Phone,VoIP Phone,"Cisco Systems, Inc.","1,66,6,3,15,150,35,151"
1014,41,Cisco 7940/7960x IP Phone,VoIP Phone,"Cisco Systems, Inc.","1,66,6,3,15,150,35"
69,41,Cisco 7940/7960x IP Phone,VoIP Phone,"Cisco Systems, Inc.","1,66,6,3,15,150,35,151"
1014,41,Cisco 7945x IP Phone,VoIP Phone,"Cisco Systems, Inc.","1,66,6,3,15,150,35"
1014,41,Cisco 7961G IP Phone,VoIP Phone,"Cisco Systems, Inc.","1,66,6,3,15,150,35"
1014,41,Cisco 7961G IP Phone,VoIP Phone,"Cisco Systems, Inc.","1,66,6,3,15,150,35"
1014,41,Cisco 7965G IP Phone,VoIP Phone,"Cisco Systems, Inc.","1,66,6,3,15,150,35"
1014,41,Cisco 8831 IP Phone,VoIP Phone,"Cisco Systems, Inc.","1,66,6,3,15,150,35"
11247,41,Cisco 8841 IP Phone,VoIP Phone,"Cisco Systems, Inc.","1,42,66,6,3,15,150,35"
55153,41,Cisco 8841 IP Phone,VoIP Phone,"Cisco Systems, Inc.","1,28,2,121,15,6,12,40,41,42,26,119,3,121,249,33,252,42,17"
42711,41,Cisco 8841 IP Phone,VoIP Phone,"Cisco Systems, Inc.","1,3,6,15,35,66,150,2,7,42,43,58,59,159,160"
42711,41,Cisco 8851 IP Phone,VoIP Phone,"Cisco Systems, Inc.","1,3,6,15,35,66,150,2,7,42,43,58,59,159,160"
2037,41,Cisco 8945 IP Phone,VoIP Phone,"Cisco Systems, Inc.","1,3,15,6,12,35,66,150"
2037,41,Cisco 8945 IP Phone,VoIP Phone,"Cisco Systems, Inc.","1,3,15,6,12,35,66,150"
1394,41,Cisco Aironet 1130,Wireless Access Point,"Cisco Systems, Inc.","1,6,15,44,3,33,150,43"
1394,41,Cisco Aironet 1130,Wireless Access Point,"Cisco Systems, Inc.","1,6,15,44,3,33,150,43"
156,41,Cisco Aironet 1130,Wireless Access Point,"Cisco Systems, Inc.","1,6,15,44,3,7,33,150,43"
156,41,Cisco Aironet 1130,Wireless Access Point,"Cisco Systems, Inc.","1,6,15,44,3,7,33,150,43"
156,41,Cisco Aironet 1140,Wireless Access Point,"Cisco Systems, Inc.","1,6,15,44,3,7,33,150,43"
156,41,Cisco Aironet 1140,Wireless Access Point,"Cisco Systems, Inc.","1,6,15,44,3,7,33,150,43"
156,41,Cisco Aironet 1200,Wireless Access Point,"Cisco Systems, Inc.","1,6,15,44,3,7,33,150,43"
1394,41,Cisco Aironet 1200,Wireless Access Point,"Cisco Systems, Inc.","1,6,15,44,3,33,150,43"
156,41,Cisco Aironet 1200,Wireless Access Point,"Cisco Systems, Inc.","1,6,15,44,3,7,33,150,43"
1394,41,Cisco Aironet 1200,Wireless Access Point,"Cisco Systems, Inc.","1,6,15,44,3,33,150,43"
1394,41,Cisco Aironet 1240,Wireless Access Point,"Cisco Systems, Inc.","1,6,15,44,3,33,150,43"
10262,41,Cisco Aironet 1240,Wireless Access Point,"Cisco Systems, Inc.","1,66,6,3,67,150,43"
1394,41,Cisco Aironet 1240,Wireless Access Point,"Cisco Systems, Inc.","1,6,15,44,3,33,150,43"
10262,41,Cisco Aironet 1240,Wireless Access Point,"Cisco Systems, Inc.","1,66,6,3,67,150,43"
1394,41,Cisco Aironet 1310,Wireless Access Point,"Cisco Systems, Inc.","1,6,15,44,3,33,150,43"
156,41,Cisco Aironet 1310,Wireless Access Point,"Cisco Systems, Inc.","1,6,15,44,3,7,33,150,43"
1394,41,Cisco Aironet 1310,Wireless Access Point,"Cisco Systems, Inc.","1,6,15,44,3,33,150,43"
156,41,Cisco Aironet 1310,Wireless Access Point,"Cisco Systems, Inc.","1,6,15,44,3,7,33,150,43"
1856,41,Cisco Aironet 1310,Wireless Access Point,"Cisco Systems, Inc.","1,66,6,15,44,3,67,12,33,150,43"
11488,41,Cisco Aironet 1500,Wireless Access Point,"Cisco Systems, Inc.","1,28,3,43,6,15"
68885,41,Cisco Aironet 1500,Wireless Access Point,"Cisco Systems, Inc.","1,28,3,43,6,15,7"
11488,41,Cisco Aironet 1500,Wireless Access Point,"Cisco Systems, Inc.","1,28,3,43,6,15"
156,41,Cisco Aironet 1530,Wireless Access Point,"Cisco Systems, Inc.","1,6,15,44,3,7,33,150,43"
156,41,Cisco Aironet 1530,Wireless Access Point,"Cisco Systems, Inc.","1,6,15,44,3,7,33,150,43"
156,41,Cisco Aironet 1550,Wireless Access Point,"Cisco Systems, Inc.","1,6,15,44,3,7,33,150,43"
156,41,Cisco Aironet 1550,Wireless Access Point,"Cisco Systems, Inc.","1,6,15,44,3,7,33,150,43"
47410,41,Cisco Aironet 1560,Wireless Access Point,"Cisco Systems, Inc.","1,15,3,28,12,6,7,26,42,43"
156,41,Cisco Aironet 1570,Wireless Access Point,"Cisco Systems, Inc.","1,6,15,44,3,7,33,150,43"
47410,41,Cisco Aironet 1815,Wireless Access Point,"Cisco Systems, Inc.","1,15,3,28,12,6,7,26,42,43"
47410,41,Cisco Aironet 1815,Wireless Access Point,"Cisco Systems, Inc.","1,15,3,28,12,6,7,26,42,43"
47410,41,Cisco Aironet 1815,Wireless Access Point,"Cisco Systems, Inc.","1,15,3,28,12,6,7,26,42,43"
42794,41,Cisco Aironet 1850,Wireless Access Point,"Cisco Systems, Inc.","1,15,3,28,12,6,7,26,43"
156,41,Cisco Aironet 2600,Wireless Access Point,"Cisco Systems, Inc.","1,6,15,44,3,7,33,150,43"
156,41,Cisco Aironet 2600,Wireless Access Point,"Cisco Systems, Inc.","1,6,15,44,3,7,33,150,43"
156,41,Cisco Aironet 2700,Wireless Access Point,"Cisco Systems, Inc.","1,6,15,44,3,7,33,150,43"
156,41,Cisco Aironet 2700,Wireless Access Point,"Cisco Systems, Inc.","1,6,15,44,3,7,33,150,43"
42794,41,Cisco Aironet 2800,Wireless Access Point,"Cisco Systems, Inc.","1,15,3,28,12,6,7,26,43"
42794,41,Cisco Aironet 2800,Wireless Access Point,"Cisco Systems, Inc.","1,15,3,28,12,6,7,26,43"
47410,41,Cisco Aironet 2800,Wireless Access Point,"Cisco Systems, Inc.","1,15,3,28,12,6,7,26,42,43"
47410,41,Cisco Aironet 2800,Wireless Access Point,"Cisco Systems, Inc.","1,15,3,28,12,6,7,26,42,43"
47410,41,Cisco Aironet 2800,Wireless Access Point,"Cisco Systems, Inc.","1,15,3,28,12,6,7,26,42,43"
156,41,Cisco Aironet 3500,Wireless Access Point,"Cisco Systems, Inc.","1,6,15,44,3,7,33,150,43"
156,41,Cisco Aironet 3500,Wireless Access Point,"Cisco Systems, Inc.","1,6,15,44,3,7,33,150,43"
156,41,Cisco Aironet 3600,Wireless Access Point,"Cisco Systems, Inc.","1,6,15,44,3,7,33,150,43"
289,41,Cisco Aironet 4800,Wireless Access Point,"Cisco Systems, Inc.","1,3,6,15"
60441,41,Cisco Aironet 4800,Wireless Access Point,"Cisco Systems, Inc.","1,28,3,6,15,67,4"
45415,41,Cisco Aironet 4800,Wireless Access Point,"Cisco Systems, Inc.","1,28,3,6,15,67,4,7"
45415,41,Cisco Aironet 4800,Wireless Access Point,"Cisco Systems, Inc.","1,28,3,6,15,67,4,7"
156,41,Cisco Aironet 702,Wireless Access Point,"Cisco Systems, Inc.","1,6,15,44,3,7,33,150,43"
156,41,Cisco Aironet 702,Wireless Access Point,"Cisco Systems, Inc.","1,6,15,44,3,7,33,150,43"
47410,41,Cisco Aironet 9105AXx,Wireless Access Point,"Cisco Systems, Inc.","1,15,3,28,12,6,7,26,42,43"
47410,41,Cisco Aironet 9105AXx,Wireless Access Point,"Cisco Systems, Inc.","1,15,3,28,12,6,7,26,42,43"
47410,41,Cisco Aironet 9120AX,Wireless Access Point,"Cisco Systems, Inc.","1,15,3,28,12,6,7,26,42,43"
47410,41,Cisco Aironet 9120AX,Wireless Access Point,"Cisco Systems, Inc.","1,15,3,28,12,6,7,26,42,43"
47410,41,Cisco Aironet 9120AX,Wireless Access Point,"Cisco Systems, Inc.","1,15,3,28,12,6,7,26,42,43"
47410,41,Cisco Aironet 9164,Wireless Access Point,"Cisco Systems, Inc.","1,15,3,28,12,6,7,26,42,43"
66,41,Cisco ATA 186,VoIP Phone,"Cisco Systems, Inc.","1,3,6,15,42,66,150"
66,41,Cisco ATA 186,VoIP Phone,"Cisco Systems, Inc.","1,3,6,15,42,66,150"
67,41,Cisco ATA 186,VoIP Phone,"Cisco Systems, Inc.","1,3,6,15,42,66,51,150"
142,41,Cisco ATA 188,VoIP Phone,"Cisco Systems, Inc.","1,3,6,12,15,42,66,150"
142,41,Cisco ATA 188,VoIP Phone,"Cisco Systems, Inc.","1,3,6,12,15,42,66,150"
49319,41,Cisco Catalyst 29xx,Switch,"Cisco Systems, Inc.","1,66,6,3,67,12,150"
44063,41,Cisco Catalyst 29xx,Switch,"Cisco Systems, Inc.","1,66,6,3,67"
10262,41,Cisco Catalyst 29xx,Switch,"Cisco Systems, Inc.","1,66,6,3,67,150,43"
2045,41,Cisco Catalyst 35xx,Switch,"Cisco Systems, Inc.","1,6,15,44,3,33"
60443,41,Cisco Catalyst 35xx,Switch,"Cisco Systems, Inc.","1,6,15,44,52"
66,41,Cisco IP Phone,VoIP Phone,"Cisco Systems, Inc.","1,3,6,15,42,66,150"
1014,41,Cisco IP Phone,VoIP Phone,"Cisco Systems, Inc.","1,66,6,3,15,150,35"
45415,41,Cisco Wireless Access Point,Wireless Access Point,"Cisco Systems, Inc.","1,28,3,6,15,67,4,7"
1394,41,Cisco Wireless Access Point,Wireless Access Point,"Cisco Systems, Inc.","1,6,15,44,3,33,150,43"
19348,41,Cisco Wireless Access Point,Wireless Access Point,"Cisco Systems, Inc.","1,66,6,15,44,3,67,33,150,43"
1856,41,Cisco Wireless Access Point,Wireless Access Point,"Cisco Systems, Inc.","1,66,6,15,44,3,67,12,33,150,43"
56314,50,Clipcomm IP Phone,VoIP Phone,"Clipcomm, Inc.","1,3,6,15,44,46,47,31,33,43"
60445,82,Compex Wireless Access Point,Wireless Router,"Compex Systems Pte, Ltd. ","1,3,15,6,43,77"
450,15692,Crestron,,https://www.crestron.com/,"1,33,3,6,15,28,51,58,59"
555,,DD-WRT Router,Wireless Router,DD-WRT,"1,3,6,12,15,28,40,41,42"
71752,117,Debian 12.5,,,"1,2,6,12,15,26,28,121,3,33,40,41,42,119,249,252,17"
246,117,Debian 3.1,,,"1,28,2,3,15,6,12"
246,117,Debian 3.1,,,"1,28,2,3,15,6,12"
11375,117,Debian 4 based distro,,,"1,28,2,3,15,6,12,44,47,26"
11375,117,Debian 4 based distro,,,"1,28,2,3,15,6,12,44,47,26"
275,117,Debian 5,,,"1,28,2,3,15,6,119,12,44,47,26,121"
275,117,Debian 5,,,"1,28,2,3,15,6,119,12,44,47,26,121"
276,117,Debian 6,,,"1,28,2,3,15,6,119,12,44,47,26,121,42"
276,117,Debian 6,,,"1,28,2,3,15,6,119,12,44,47,26,121,42"
276,117,Debian 7,,,"1,28,2,3,15,6,119,12,44,47,26,121,42"
276,117,Debian 7,,,"1,28,2,3,15,6,119,12,44,47,26,121,42"
715,117,Debian GNU/Linux 8 (jessie),,,"3,1,252,42,15,6,12"
715,117,Debian GNU/Linux 8 (jessie),,,"3,1,252,42,15,6,12"
246,117,Debian-based Linux,,,"1,28,2,3,15,6,12"
248,117,Debian-based Linux,,,"1,28,2,3,15,6,12,42"
56423,117,Debian-based Linux,,,"3,6,15,28,12,7,9,42,48,49"
249,117,Debian-based Linux,,,"1,28,2,3,15,6,12,44,47"
11375,117,Debian-based Linux,,,"1,28,2,3,15,6,12,44,47,26"
362,160,Dell C1760nw Color Printer,Printer,"Dell, Inc.","1,2,3,6,12,15,26,28,88,44,45,46,47,70,69,78,79"
43556,160,Dell iDrac,,"Dell, Inc.","1,3,6,12,15,28,42,43,121,249"
362,160,Dell Printer,Printer,"Dell, Inc.","1,2,3,6,12,15,26,28,88,44,45,46,47,70,69,78,79"
193,44,D-Link Wireless Router,Wireless Router,"D-Link Systems, Inc.","1,3,6,12,15,66,69,70,67"
1209,,DSL 4.4.x,,,"1,3,6,15,28,12,7,9,42,48,49"
1209,,DSL 4.4.x,,,"1,3,6,15,28,12,7,9,42,48,49"
14837,99,Enterasys HiPath Wireless Access Point 2610/2620/2650/2660,Wireless Access Point,"Enterasys Networks, Inc.","1,28,3,6,15,12"
14837,99,Enterasys HiPath Wireless Access Point 2610/2620/2650/2660,Wireless Access Point,"Enterasys Networks, Inc.","1,28,3,6,15,12"
11878,99,Enterasys HiPath Wireless Access Point 2630/2640,Wireless Access Point,"Enterasys Networks, Inc.","1,28,3"
11878,99,Enterasys HiPath Wireless Access Point 2630/2640,Wireless Access Point,"Enterasys Networks, Inc.","1,28,3"
555,99,Enterasys HiPath Wireless Access Point 3610/3620,Wireless Access Point,"Enterasys Networks, Inc.","1,3,6,12,15,28,40,41,42"
555,99,Enterasys HiPath Wireless Access Point 3610/3620,Wireless Access Point,"Enterasys Networks, Inc.","1,3,6,12,15,28,40,41,42"
56629,99,Enterasys HiPath Wireless C20N Controller,Wireless Controller,"Enterasys Networks, Inc.",78
11352,99,Enterasys Matrix N-Series DFE-G/P/D,Switch,"Enterasys Networks, Inc.","1,15,3,44,46,47,6"
1103,99,Enterasys RBT-1002-EU Wireless Access Point,Wireless Access Point,"Enterasys Networks, Inc.","1,15,3,6,43"
1103,99,Enterasys RBT-1002-EU Wireless Access Point,Wireless Access Point,"Enterasys Networks, Inc.","1,15,3,6,43"
1103,99,Enterasys RBT-1602 Wireless Access Point,Wireless Access Point,"Enterasys Networks, Inc.","1,15,3,6,43"
1103,99,Enterasys RBT-1602 Wireless Access Point,Wireless Access Point,"Enterasys Networks, Inc.","1,15,3,6,43"
1103,99,Enterasys RBT-1602C Wireless Access Point,Wireless Access Point,"Enterasys Networks, Inc.","1,15,3,6,43"
1103,99,Enterasys RBT-1602C Wireless Access Point,Wireless Access Point,"Enterasys Networks, Inc.","1,15,3,6,43"
1103,99,Enterasys RBT-4102C-EU Wireless Access Point,Wireless Access Point,"Enterasys Networks, Inc.","1,15,3,6,43"
1103,99,Enterasys RBT-4102C-EU Wireless Access Point,Wireless Access Point,"Enterasys Networks, Inc.","1,15,3,6,43"
289,99,Enterasys RBT-4102-EU Wireless Access Point,Wireless Access Point,"Enterasys Networks, Inc.","1,3,6,15"
292,99,Enterasys RBT-8200 Wireless Controller,Wireless Controller,"Enterasys Networks, Inc.","1,3,15,6"
412,99,Enterasys SecureStack A2,Switch,"Enterasys Networks, Inc.","3,1"
412,99,Enterasys SecureStack B2/B3/C2/C3,Switch,"Enterasys Networks, Inc.","3,1"
43521,164,Epson Printer,Printer,Seiko Epson Corp.,"1,3,6,12,15,28,42,40"
375,164,Epson Printer,Printer,Seiko Epson Corp.,"1,3,6,12,15,28,51,54,58,59"
375,164,Epson Printer,Printer,Seiko Epson Corp.,"1,3,6,12,15,28,51,54,58,59"
425,164,Epson Printer,Printer,Seiko Epson Corp.,"1,3,6,12,15,17,28,40,41,42"
425,164,Epson Printer,Printer,Seiko Epson Corp.,"1,3,6,12,15,17,28,40,41,42"
425,164,Epson Workforce 845,Printer,Seiko Epson Corp.,"1,3,6,12,15,17,28,40,41,42"
11658,240,Etherboot/gPXE,,,"1,3,6,43"
54926,240,Etherboot/gPXE,,,"1,3,12,43"
11658,240,Etherboot/gPXE,,,"1,3,6,43"
2719,21574,Extron MLC 226 IP,Media Link Controller,Extron,"1,3,58,59"
489,,Eye-Fi Wireless Memory Card,Miscellaneous,"EyeFi, Inc.","1,3,28,6"
489,,Eye-Fi Wireless Memory Card,Miscellaneous,"EyeFi, Inc.","1,3,28,6"
1163,120,Fedora 13 based distro,,,"1,28,2,3,15,6,12,40,41,42,26"
1163,120,Fedora 13 based distro,,,"1,28,2,3,15,6,12,40,41,42,26"
283,120,Fedora 14 based distro,,,"1,28,2,121,15,6,12,40,41,42,26,119,3"
283,120,Fedora 14 based distro,,,"1,28,2,121,15,6,12,40,41,42,26,119,3"
287,120,Fedora 15-16 based distro,,,"1,28,2,121,15,6,12,40,41,42,26,119,3,121,249,252,42"
287,120,Fedora 15-16 based distro,,,"1,28,2,121,15,6,12,40,41,42,26,119,3,121,249,252,42"
266,120,Fedora 3-8 based distro,,,"1,28,2,3,15,6,12,40,41,42"
266,120,Fedora 3-8 based distro,,,"1,28,2,3,15,6,12,40,41,42"
266,120,Fedora 9-12 based distro,,,"1,28,2,3,15,6,12,40,41,42"
266,120,Fedora 9-12 based distro,,,"1,28,2,3,15,6,12,40,41,42"
291,19930,Fluke OneTouch Series II 10/100,Network Diagnostics,Fluke Electronics,"1,3,6"
291,19930,Fluke OneTouch Series II 10/100,Network Diagnostics,Fluke Electronics,"1,3,6"
291,19930,Fluke OptiView Series III,Network Diagnostics,Fluke Electronics,"1,3,6"
291,19930,Fluke OptiView Series III,Network Diagnostics,Fluke Electronics,"1,3,6"
276,,FluorChem,,,"1,28,2,3,15,6,119,12,44,47,26,121,42"
1968,33740,FortiGate 30D,Firewall,Fortinet,"1,2,3,6,12,15,28,40,42"
48598,33740,FortiGate 60F,Firewall,Fortinet,"1,2,3,6,12,15,28,40,42,240,241"
246,230,FreeBSD 6.0-6.2,,,"1,28,2,3,15,6,12"
246,230,FreeBSD 6.0-6.2,,,"1,28,2,3,15,6,12"
424,230,FreeBSD 6.3-6.4,,,"1,28,2,121,3,15,6,12"
424,230,FreeBSD 6.3-6.4,,,"1,28,2,121,3,15,6,12"
424,230,FreeBSD 7.0,,,"1,28,2,121,3,15,6,12"
424,230,FreeBSD 7.0,,,"1,28,2,121,3,15,6,12"
424,230,FreeBSD 7.1 based distro,,,"1,28,2,121,3,15,6,12"
424,230,FreeBSD 7.1 based distro,,,"1,28,2,121,3,15,6,12"
424,230,FreeBSD 7.2,,,"1,28,2,121,3,15,6,12"
424,230,FreeBSD 7.2,,,"1,28,2,121,3,15,6,12"
424,,FreeNAS 0.7,,,"1,28,2,121,3,15,6,12"
44651,137,GameCube,Game Console,"Nintendo Co., Ltd.","3,6,26,28,58,59"
30841,89,Gemtek Wireless Router,Wireless Router,"Gemtek Technology Co., Ltd.","1,28,2,3,15,6,12,4,7,23,26,43,50,51,54,55,60,61,72"
385,118,Generic Printer,Printer,,"1,3,6,7,12,15,18,23,26,44,46,51,54,58,59,78,79,81"
272,121,Gentoo 2004.3,,,"1,3,6,12,15,17,23,28,29,31,33,40,41,42"
272,121,Gentoo 2004.3,,,"1,3,6,12,15,17,23,28,29,31,33,40,41,42"
272,121,Gentoo 2005.0,,,"1,3,6,12,15,17,23,28,29,31,33,40,41,42"
272,121,Gentoo 2005.0,,,"1,3,6,12,15,17,23,28,29,31,33,40,41,42"
273,121,Gentoo 2006.0,,,"1,3,6,12,15,17,23,28,29,31,33,40,41,42,119"
273,121,Gentoo 2006.0,,,"1,3,6,12,15,17,23,28,29,31,33,40,41,42,119"
273,121,Gentoo 2006.1,,,"1,3,6,12,15,17,23,28,29,31,33,40,41,42,119"
273,121,Gentoo 2006.1,,,"1,3,6,12,15,17,23,28,29,31,33,40,41,42,119"
273,121,Gentoo 2007.0,,,"1,3,6,12,15,17,23,28,29,31,33,40,41,42,119"
273,121,Gentoo 2007.0,,,"1,3,6,12,15,17,23,28,29,31,33,40,41,42,119"
641,121,Gentoo 2008.0 R1,,,6
6929,71,Grandstream GXP1405,VoIP Phone,Grandstream,"1,3,6,12,15,28,43,125"
6929,71,Grandstream GXP1405,VoIP Phone,Grandstream,"1,3,6,12,15,28,43,125"
49786,78790,Haiku,,,"1,3,6,28,15"
49786,78790,Haiku,,,"1,3,6,28,15"
273,3410,Hakin9 Live 2.8,,,"1,3,6,12,15,17,23,28,29,31,33,40,41,42,119"
273,3410,Hakin9 Live 2.8,,,"1,3,6,12,15,17,23,28,29,31,33,40,41,42,119"
419,20566,HELLA Aglaia People Sensor,Sensor,Hella Aglaia,"1,3,6,12,15,28,42"
1126,16882,Hewlett-Packard iLO Agent,Miscellaneous,Hewlett-Packard,"1,3,6,15,28,33,43,44,58,59"
59358,16882,Hewlett-Packard iLO Agent,Miscellaneous,Hewlett-Packard,202
59668,16882,Hewlett-Packard iLO Agent,Miscellaneous,Hewlett-Packard,203
289,16882,Hewlett-Packard iLO Agent (Not Configured),Miscellaneous,Hewlett-Packard,"1,3,6,15"
2028,16882,Hewlett-Packard JetDirect (5205FE),Printer,Hewlett-Packard,"6,3,1,15,12,44,81,69,42,43,18,66,67,150,7"
322,16882,Hewlett-Packard JetDirect (CB472A),Printer,Hewlett-Packard,"1,3,44,6,7,12,15,22,54,58,59,69,18,43,119"
2028,16882,Hewlett-Packard JetDirect (CF287A),Printer,Hewlett-Packard,"6,3,1,15,12,44,81,69,42,43,18,66,67,150,7"
2028,16882,Hewlett-Packard JetDirect (CF287A),Printer,Hewlett-Packard,"6,3,1,15,12,44,81,69,42,43,18,66,67,150,7"
329,16882,Hewlett-Packard JetDirect (J311xA/J32xxx),Printer,Hewlett-Packard,"1,3,7,44,51,54,58,59,12,15,144,18"
329,16882,Hewlett-Packard JetDirect (J311xA/J32xxx),Printer,Hewlett-Packard,"1,3,7,44,51,54,58,59,12,15,144,18"
11816,16882,Hewlett-Packard JetDirect (J4169A/J6035D/J6038A/J6057A/J7934x/J7949E/J7957A-7959A),Printer,Hewlett-Packard,"1,3,44,6,7,12,15,22,54,58,59,18,144"
319,16882,Hewlett-Packard JetDirect (J4169A/J6035D/J6038A/J6057A/J7934x/J7949E/J7957A-7959A),Printer,Hewlett-Packard,"1,3,44,6,7,12,15,22,54,58,59,69,18,144"
319,16882,Hewlett-Packard JetDirect (J6035A),Printer,Hewlett-Packard,"1,3,44,6,7,12,15,22,54,58,59,69,18,144"
319,16882,Hewlett-Packard JetDirect (J7973E),Printer,Hewlett-Packard,"1,3,44,6,7,12,15,22,54,58,59,69,18,144"
319,16882,Hewlett-Packard JetDirect (J7973E),Printer,Hewlett-Packard,"1,3,44,6,7,12,15,22,54,58,59,69,18,144"
323,16882,Hewlett-Packard JetDirect (J8017E),Printer,Hewlett-Packard,"1,3,44,6,7,12,15,22,54,58,59,69,18,43,119,154"
321,16882,Hewlett-Packard JetDirect (Q7545A),Printer,Hewlett-Packard,"1,3,44,6,7,12,15,22,54,58,59,69,18,43"
522,16882,Hewlett-Packard LaserJet P2015 Printer Series,Printer,Hewlett-Packard,"6,3,1,15,66,67,13,44"
37694,16882,Hewlett-Packard Printer,Printer,Hewlett-Packard,"54,44,6,7,12,15,22,69,18,119,252"
42460,16882,Hewlett-Packard Printer MFP,Printer,Hewlett-Packard,"54,44,6,7,12,15,22,69,18,119"
550,16882,Hewlett-Packard Printer MFP M425dn,Printer,Hewlett-Packard,"6,3,1,15,12,44,81,69,43,18,66,67,150,7"
550,16882,Hewlett-Packard Printer MFP M425dn,Printer,Hewlett-Packard,"6,3,1,15,12,44,81,69,43,18,66,67,150,7"
1712,16882,Hewlett-Packard Procurve,Switch,Hewlett-Packard,"1,3,4,23,67"
1439,16882,Hewlett-Packard ProCurve AP,Wireless Access Point,Hewlett-Packard,"1,28,2,3,15,6,12,43"
1439,16882,Hewlett-Packard ProCurve AP,Wireless Access Point,Hewlett-Packard,"1,28,2,3,15,6,12,43"
418,185,Hotway LanDrive,NAS,Hotway,"1,3,6,15,28"
302,,HP iPAQ,PDA,Hewlett-Packard,"1,3,6,15,44,46,47"
85894,112449,HP Jetdirect,Printer,HP,"1,3,44,6,7,12,15,54,58,59,69,119,81"
85894,112449,HP Jetdirect,Printer,HP,"1,3,44,6,7,12,15,54,58,59,69,119,81"
2028,16421,HP LaserJet,Printer,Hewlett-Packard,"6,3,1,15,12,44,81,69,42,43,18,66,67,150,7"
335,16421,HP LaserJet,Printer,Hewlett-Packard,"6,3,1,15,44,12"
56055,,iDRAC,,Dell,"1,3,15,6,43"
32951,,iDRAC,,Dell,43
2288,265,iPad 12.1,Multimedia Device,"Apple, Inc.","1,121,3,6,15,119,252"
2288,265,iPad 13.5,Multimedia Device,"Apple, Inc.","1,121,3,6,15,119,252"
2288,265,iPad 13.5,Multimedia Device,"Apple, Inc.","1,121,3,6,15,119,252"
428,264,iPhone/iPod touch/iPad,Multimedia Device,"Apple, Inc.","1,3,6,15,119,252"
428,264,iPhone/iPod touch/iPad,Multimedia Device,"Apple, Inc.","1,3,6,15,119,252"
555,9419,Kindle 1G,eBook Reader,Amazon,"1,3,6,12,15,28,40,41,42"
555,9419,Kindle 1G,eBook Reader,Amazon,"1,3,6,12,15,28,40,41,42"
419,9419,Kindle Firmware 5.10.x,eBook Reader,Amazon,"1,3,6,12,15,28,42"
419,9419,Kindle Firmware 5.10.x,eBook Reader,Amazon,"1,3,6,12,15,28,42"
419,9419,Kindle Firmware 5.12.x,eBook Reader,Amazon,"1,3,6,12,15,28,42"
419,9419,Kindle Firmware 5.12.x,eBook Reader,Amazon,"1,3,6,12,15,28,42"
419,9419,Kindle Firmware 5.3.x,eBook Reader,Amazon,"1,3,6,12,15,28,42"
419,9419,Kindle Firmware 5.3.x,eBook Reader,Amazon,"1,3,6,12,15,28,42"
927,122,Knoppix,,,"1,3,6,15,51,44"
1209,122,Knoppix 3.6-3.7 based distro,,,"1,3,6,15,28,12,7,9,42,48,49"
1209,122,Knoppix 3.6-3.7 based distro,,,"1,3,6,15,28,12,7,9,42,48,49"
1209,122,Knoppix 3.8-4.02 based distro,,,"1,3,6,15,28,12,7,9,42,48,49"
1209,122,Knoppix 3.8-4.02 based distro,,,"1,3,6,15,28,12,7,9,42,48,49"
7521,122,Knoppix 5.0.1-5.3 based distro,,,"1,3,6,15,28,12,7,9,42,48,49,26"
7521,122,Knoppix 5.0.1-5.3 based distro,,,"1,3,6,15,28,12,7,9,42,48,49,26"
275,122,Knoppix 6.0 based distro,,,"1,28,2,3,15,6,119,12,44,47,26,121"
275,122,Knoppix 6.0 based distro,,,"1,28,2,3,15,6,119,12,44,47,26,121"
1324,163,Kyocera FS-1028MFP,Scanner,Kyocera Mita Corp.,"1,3,15,6,44"
1324,163,Kyocera FS-1028MFP,Scanner,Kyocera Mita Corp.,"1,3,15,6,44"
370,163,Kyocera KM-XXXX,Scanner,Kyocera Mita Corp.,"1,3,12,23,6,15,44,47"
370,163,Kyocera KM-XXXX,Scanner,Kyocera Mita Corp.,"1,3,12,23,6,15,44,47"
60448,163,Kyocera Printer,Printer,Kyocera Mita Corp.,"1,3,12,6,15,23,44,47"
370,163,Kyocera Printer,Printer,Kyocera Mita Corp.,"1,3,12,23,6,15,44,47"
1716,165,Lexmark MFP Printer,Printer,"Lexmark International, Inc.","1,3,42,4,6,7,12,15,26,44,51,54,58,59,190"
8740,165,Lexmark Printer,Printer,"Lexmark International, Inc.","1,3,6,12,15,28,42,40,38,23,37,44,39,19,26"
60471,165,Lexmark Printer,Printer,"Lexmark International, Inc.","1,3,4,42,6,7,12,15,26,44,51,54,58,59,190"
54116,165,Lexmark Printer,Printer,"Lexmark International, Inc.","1,3,7,12,26,44,51,54,58,59,190"
60456,165,Lexmark Printer,Printer,"Lexmark International, Inc.","1,3,7,12,26,44,51,54,58,59"
1716,165,Lexmark Printer,Printer,"Lexmark International, Inc.","1,3,42,4,6,7,12,15,26,44,51,54,58,59,190"
11392,165,Lexmark Printer,Printer,"Lexmark International, Inc.","1,3,42,4,6,7,12,26,44,51,54,58,59,190"
248,228,LifeSize Room,Video Conferencing,"LifeSize Communications, Inc.","1,28,2,3,15,6,12,42"
1041,228,LifeSize Room,Video Conferencing,"LifeSize Communications, Inc.","1,28,2,3,15,6,12,42,157"
1664,44,Linksys PAP2/PAP2T,VoIP Phone,Linksys,"1,3,42,6,7,15,58,59,66"
1664,44,Linksys PAP2/PAP2T,VoIP Phone,Linksys,"1,3,42,6,7,15,58,59,66"
166,44,Linksys Router,Router,Linksys,"1,3,6,12,15,28"
171,44,Linksys Router,Router,Linksys,"1,3,6,15,28,54"
164,44,Linksys Router,Router,Linksys,"1,28,2,3,15,6,12,4,7,23,26,43,50,51,54,55,60,61"
60434,44,Linksys Router,Router,Linksys,"1,28,2,3,15,6,12,4,7,23,26,43,50,51,54,55,60,72"
51255,44,Linksys Router,Router,Linksys,"1,3,6,12,15,44,46,47"
1149,44,Linksys Router,Router,Linksys,"1,15,3,6,44,46,47"
60469,44,Linksys Router,Router,Linksys,"1,15,3,6,44,46,47,1,3,6,15,44,46,47"
26777,44,Linksys Router,Router,Linksys,"1,15,3,6,44,46,47,66,1,3,6,15,44,46,47"
168,44,Linksys Router,Router,Linksys,"1,3,6,12,15,28,44"
60444,44,Linksys Router,Router,Linksys,"15,3,6,44,46,47"
173,44,Linksys Router,Router,Linksys,"6,3,1"
43521,5,Linux 2.0.x,,,"1,3,6,12,15,28,42,40"
43521,5,Linux 2.0.x,,,"1,3,6,12,15,28,42,40"
272,5,Linux 2.2.x,,,"1,3,6,12,15,17,23,28,29,31,33,40,41,42"
3296,5,Linux 2.2.x,,,"1,3,6,12,15,23,28,29,31,33,40,41,42"
43521,5,Linux 2.2.x,,,"1,3,6,12,15,28,42,40"
272,5,Linux 2.2.x,,,"1,3,6,12,15,17,23,28,29,31,33,40,41,42"
3296,5,Linux 2.2.x,,,"1,3,6,12,15,23,28,29,31,33,40,41,42"
43521,5,Linux 2.2.x,,,"1,3,6,12,15,28,42,40"
272,5,Linux 2.4.x,,,"1,3,6,12,15,17,23,28,29,31,33,40,41,42"
42589,5,Linux 2.4.x,,,"1,3,6,12,15,17,23,28,29,31,33,40,41,42,9,7,200,44"
3296,5,Linux 2.4.x,,,"1,3,6,12,15,23,28,29,31,33,40,41,42"
43521,5,Linux 2.4.x,,,"1,3,6,12,15,28,42,40"
272,5,Linux 2.4.x,,,"1,3,6,12,15,17,23,28,29,31,33,40,41,42"
42589,5,Linux 2.4.x,,,"1,3,6,12,15,17,23,28,29,31,33,40,41,42,9,7,200,44"
3296,5,Linux 2.4.x,,,"1,3,6,12,15,23,28,29,31,33,40,41,42"
272,5,Linux 2.6.x,,,"1,3,6,12,15,17,23,28,29,31,33,40,41,42"
42589,5,Linux 2.6.x,,,"1,3,6,12,15,17,23,28,29,31,33,40,41,42,9,7,200,44"
273,5,Linux 2.6.x,,,"1,3,6,12,15,17,23,28,29,31,33,40,41,42,119"
272,5,Linux 2.6.x,,,"1,3,6,12,15,17,23,28,29,31,33,40,41,42"
42589,5,Linux 2.6.x,,,"1,3,6,12,15,17,23,28,29,31,33,40,41,42,9,7,200,44"
273,5,Linux 2.6.x,,,"1,3,6,12,15,17,23,28,29,31,33,40,41,42,119"
282,5,Linux Mint Debian,,,"1,28,2,3,15,6,119,12,44,47,26,121,42,121,249,252,42"
282,5,Linux Mint Debian,,,"1,28,2,3,15,6,119,12,44,47,26,121,42,121,249,252,42"
8589,,Mac OS 9.x,,,"1,3,6,15,33,42,44,45,46,47,69,70,71,74,78,79"
8589,,Mac OS 9.x,,,"1,3,6,15,33,42,44,45,46,47,69,70,71,74,78,79"
27264,,Mac OS X,,,"1,3,6,15,112,113,78,79,95,252,44,47"
56274,,Mac OS X,,,"3,6,15,112,113,78,79,95,252,44,47"
56273,,Mac OS X,,,"1,3,6,15,119,112,113,78,79,95,252"
56272,,Mac OS X,,,"1,3,6,15,112,113,78,79,95,44,47"
56271,,Mac OS X,,,"3,6,15,112,113,78,79,95,44,47"
45,,Mac OS X,,,"1,3,6,15,112,113,78,79,95,252"
45,,Mac OS X,,,"1,3,6,15,112,113,78,79,95,252"
56269,,Mac OS X,,,"3,6,15,112,113,78,79,95,252"
50,,Mac OS X,,,"1,3,6,15,119,95,252,44,46,47"
50,,Mac OS X,,,"1,3,6,15,119,95,252,44,46,47"
50,,Mac OS X,,,"1,3,6,15,119,95,252,44,46,47"
8592,,Mac OS X,,,"1,3,6,15,112,113,78,79,95"
8592,,Mac OS X,,,"1,3,6,15,112,113,78,79,95"
55122,,Mac OS X,,,"1,3,12,6,15,112,113,78,79"
56270,,Mac OS X,,,"3,6,15,112,113,78,79,95"
24649,,Mac OS X,,,"1,3,6,15,112,113,78,79"
42590,,Mac OS X,,,"60,43"
37891,,Mac OS X,,,"43,60"
60,,Mac OS X,,,"1,3,6,15,119,95,252,44,46"
60,,Mac OS X,,,"1,3,6,15,119,95,252,44,46"
9721,,Mag 522,IPTV,,"1,3,6,12,15,28,42,43"
284,5587,Mandriva 2011,,,"1,121,33,3,6,12,15,26,28,51,54,58,59,119"
1023,45,Mediatrix VoIP Adapter,VoIP Gateway,Mediatrix Telecom,"1,3,6,12,15,42,43"
555,112,Meraki Indoor,Wireless Access Point,Meraki,"1,3,6,12,15,28,40,41,42"
6321,62,Mitel IP Phone,VoIP Phone,Mitel Corp.,"1,3,6,12,42,44,51,54,58,59,128,66,120,129,130,131,132,133,134,135,224,138,125,43"
6321,62,Mitel IP Phone,VoIP Phone,Mitel Corp.,"1,3,6,12,42,44,51,54,58,59,128,66,120,129,130,131,132,133,134,135,224,138,125,43"
59324,62,Mitel IP Phone,VoIP Phone,Mitel Corp.,"1,3,6,12,42,44,51,54,58,59,128,66,120,129,130,131,132,133,134,135,138,125,43"
59324,62,Mitel IP Phone,VoIP Phone,Mitel Corp.,"1,3,6,12,42,44,51,54,58,59,128,66,120,129,130,131,132,133,134,135,138,125,43"
1607,261,Moneris HiSpeed 3100IP,Miscellaneous,Moneris Solutions,"1,3,6,15,70,69"
302,38505,Morse Watchman Keywatch,Key Lock Box,Morse Watchman,"1,3,6,15,44,46,47"
302,38505,Morse Watchman Keywatch,Key Lock Box,Morse Watchman,"1,3,6,15,44,46,47"
60474,92,Motorola NIM100,DVR,"Motorola, Inc.","1,3,6,15,23,51,54"
47005,92,Motorola Router,Router,"Motorola, Inc.","1,28,1,3,6,4"
60472,254,Neoware Capio Thin Client (Windows CE),Thin Client,"Neoware Systems, Inc.","1,3,6,15,44,46,47,137,215,224,226"
60472,254,Neoware Capio Thin Client (Windows CE),Thin Client,"Neoware Systems, Inc.","1,3,6,15,44,46,47,137,215,224,226"
59668,254,Neoware Capio Thin Client (Windows CE),Thin Client,"Neoware Systems, Inc.",203
60464,254,Neoware Capio Thin Client (Windows CE),Thin Client,"Neoware Systems, Inc.","1,3,6,15,44,46,47,137,215"
42731,254,Neoware e100 Thin Client (NeoLinux),Thin Client,"Neoware Systems, Inc.","1,3,6,15,28,12,7,9,42,48,49,137,211,212,213,214,219"
42731,254,Neoware e100 Thin Client (NeoLinux),Thin Client,"Neoware Systems, Inc.","1,3,6,15,28,12,7,9,42,48,49,137,211,212,213,214,219"
53056,220,NetBotz WallBotz 400C,Miscellaneous,Netbotz,"1,3,6,15,12,69,70,88,42"
11322,220,NetBotz WallBotz 420E,Miscellaneous,Netbotz,"1,3,6,12,15,17,23,28,29,31,33,40,41,42,119,43"
11322,220,NetBotz WallBotz 500,Miscellaneous,Netbotz,"1,3,6,12,15,17,23,28,29,31,33,40,41,42,119,43"
9,84,NETGEAR FVS114,Router,NETGEAR,"1,15,3,6,44,46,47,31,33,43"
289,84,NETGEAR FVS114,Router,NETGEAR,"1,3,6,15"
11486,84,NETGEAR Router,Router,NETGEAR,"3,6,15"
4196,84,NETGEAR Router,Router,NETGEAR,"3,1,6,15,12"
4196,84,NETGEAR WGR614v6,Router,NETGEAR,"3,1,6,15,12"
4196,84,NETGEAR WGR614v6,Router,NETGEAR,"3,1,6,15,12"
1626,84,NETGEAR WGT624v4,Wireless Access Point,NETGEAR,"1,3,6,12,15,28,33,44,121"
1626,84,NETGEAR WNDR3000,Wireless Access Point,NETGEAR,"1,3,6,12,15,28,33,44,121"
1626,84,NETGEAR WNDR3000,Wireless Access Point,NETGEAR,"1,3,6,12,15,28,33,44,121"
289,84,NETGEAR WNR854T,Wireless Access Point,NETGEAR,"1,3,6,15"
289,84,NETGEAR WNR854T,Wireless Access Point,NETGEAR,"1,3,6,15"
291,137,Nintendo DS,Game Console,"Nintendo Co., Ltd.","1,3,6"
291,137,Nintendo DS,Game Console,"Nintendo Co., Ltd.","1,3,6"
426,137,Nintendo Switch,Game Console,Nintendo,"1,3,6,28"
426,137,Nintendo Switch,Game Console,Nintendo,"1,3,6,28"
12042,78766,NodeMCU - ESP8266,,,"1,3,28,6,15,44,46,47,31,33,121,43"
12042,78766,NodeMCU - ESP8266,,,"1,3,28,6,15,44,46,47,31,33,121,43"
426,191,Nokia 6086 UMA,Smartphone,Nokia,"1,3,6,28"
426,191,Nokia 6086 UMA,Smartphone,Nokia,"1,3,6,28"
433,191,Nokia E-Series,Phone,Nokia,"12,6,15,1,3,28,120"
433,191,Nokia E-Series,Phone,Nokia,"12,6,15,1,3,28,120"
166,191,Nokia Internet Tablet,PDA,Nokia,"1,3,6,12,15,28"
166,191,Nokia Internet Tablet,PDA,Nokia,"1,3,6,12,15,28"
425,191,Nokia Internet Tablet,PDA,Nokia,"1,3,6,12,15,17,28,40,41,42"
425,191,Nokia Internet Tablet,PDA,Nokia,"1,3,6,12,15,17,28,40,41,42"
42976,67,Nortel IP Phone,VoIP Phone,Nortel Networks,"1,28,1,3"
11878,67,Nortel IP Phone,VoIP Phone,Nortel Networks,"1,28,3"
22314,67,Nortel IP Phone,VoIP Phone,Nortel Networks,"51,58,59,1,3,43,128,144,157,191,251"
56316,67,Nortel IP Phone,VoIP Phone,Nortel Networks,"1,28,3,43,128,131,144,157,188,191,205,219,223,232,247,251,58,59"
13146,67,Nortel IP Phone,VoIP Phone,Nortel Networks,"1,28,3,43,128,131,144,157,188,191,205,219,223,232,247,251,58,59,66"
42454,119,Novell NetWare Client,Miscellaneous,"Novell, Inc.","78,79,85"
510,119,Novell NetWare Client,Miscellaneous,"Novell, Inc.","85,86,87"
42757,119,Novell NetWare Client,Miscellaneous,"Novell, Inc.",100
57336,119,Novell NetWare Client,Miscellaneous,"Novell, Inc.",85
60467,119,Novell NetWare Client,Miscellaneous,"Novell, Inc.","85,86"
44326,119,Novell NetWare Client,Miscellaneous,"Novell, Inc.","78,79"
42782,119,Novell NetWare Client,Miscellaneous,"Novell, Inc.","79,78"
32951,26790,Nutanix,Key Lock Box,Morse Watchman,43
72744,26790,Nutanix,Key Lock Box,Morse Watchman,"43,1,3,6,15"
1011,20488,Onion Omega2 (0.1.10),,,"1,3,6,12,15,28,42,121"
419,20488,Onion Omega2 (0.1.10),,,"1,3,6,12,15,28,42"
1011,20488,Onion Omega2 (0.1.10),,,"1,3,6,12,15,28,42,121"
1011,20488,Onion Omega2 (0.2.1),,,"1,3,6,12,15,28,42,121"
419,20488,Onion Omega2 (0.2.1),,,"1,3,6,12,15,28,42"
1011,20488,Onion Omega2 (0.2.1),,,"1,3,6,12,15,28,42,121"
6181,229,OpenBSD 3.8,,,"1,28,3,15,6,12"
6181,229,OpenBSD 3.8,,,"1,28,3,15,6,12"
6181,229,OpenBSD 4.x,,,"1,28,3,15,6,12"
6181,229,OpenBSD 4.x,,,"1,28,3,15,6,12"
27576,229,OpenBSD 6.7,,,"1,28,2,121,3,15,119,6,12,67,66"
27576,229,OpenBSD 6.7,,,"1,28,2,121,3,15,119,6,12,67,66"
4211,250,OpenSolaris 2008.11 - 2010.02,,,"1,3,6,12,15,28,43"
4211,250,OpenSolaris 2008.11 - 2010.02,,,"1,3,6,12,15,28,43"
893,,openSUSE 12.1,,,"1,28,3,121,26,12,15,119,6,40,41,87,85,86,44,45,46,47,42,121,249,252,42"
893,,openSUSE 12.1,,,"1,28,3,121,26,12,15,119,6,40,41,87,85,86,44,45,46,47,42,121,249,252,42"
419,76371,OpenWRT Chaos Calmer 15.x,,,"1,3,6,12,15,28,42"
419,76371,OpenWRT Chaos Calmer 15.x,,,"1,3,6,12,15,28,42"
496,,OS/2 Warp,,,"1,3,6,15,28,33"
246,,PC-BSD 1.2-1.3,,,"1,28,2,3,15,6,12"
246,,PC-BSD 1.2-1.3,,,"1,28,2,3,15,6,12"
246,,PC-BSD 1.4,,,"1,28,2,3,15,6,12"
246,,PC-BSD 1.4,,,"1,28,2,3,15,6,12"
424,,PC-BSD 1.5,,,"1,28,2,121,3,15,6,12"
424,,PC-BSD 1.5,,,"1,28,2,121,3,15,6,12"
424,,PC-BSD 7.0,,,"1,28,2,121,3,15,6,12"
424,,PC-BSD 7.0,,,"1,28,2,121,3,15,6,12"
246,44969,PCLinuxOS 2007-2008,,,"1,28,2,3,15,6,12"
246,44969,PCLinuxOS 2007-2008,,,"1,28,2,3,15,6,12"
292,139,PlayStation 2,Game Console,Sony Corp.,"1,3,15,6"
50043,139,PlayStation 2,Game Console,Sony Corp.,"3,15,6"
296,139,PlayStation 3,Game Console,Sony Corp.,"1,3,28,6,15"
292,139,PlayStation 3,Game Console,Sony Corp.,"1,3,15,6"
292,139,PlayStation 4,Game Console,Sony Corp.,"1,3,15,6"
292,139,PlayStation 5,Game Console,Sony Corp.,"1,3,15,6"
419,,PogoPlug,NAS,Adorama,"1,3,6,12,15,28,42"
73259,63,Polycom Studio X70,Video Phone,"Polycom, Inc.","1,33,3,6,15,28,42,51,58,59,66,160"
1762,63,Polycom Video Phone (VSX 3000A),Video Phone,"Polycom, Inc.","1,3,6,15,12,44"
60447,63,Polycom ViewStation,Video Conferencing,"Polycom, Inc.","6,1,3,12,44"
270,,Porteus 1.0,,,"1,121,33,3,6,12,15,26,28,42,51,54,58,59,119"
641,124,Puppy Linux 4.x,,,6
11244,124,Puppy Linux 4.x,,,"58,59,1,28,121,33,3,12,119,15,6,40,41,42,26,17,120"
501,21,PXE Client,,,"1,2,3,5,6,11,12,13,15,16,17,18,43,54,60,67,128,129,130,131,132,133,134,135"
501,21,PXE Client,,,"1,2,3,5,6,11,12,13,15,16,17,18,43,54,60,67,128,129,130,131,132,133,134,135"
499,21,PXE Client (ZEN),,,"1,2,3,4,5,6,11,12,13,15,16,17,18,22,23,28,40,41,42,43,50,51,54,58,59,60,66,67,128,129,130,131,132,133,134,135"
499,21,PXE Client (ZEN),,,"1,2,3,4,5,6,11,12,13,15,16,17,18,22,23,28,40,41,42,43,50,51,54,58,59,60,66,67,128,129,130,131,132,133,134,135"
253,,Raspbian GNU/Linux 8 (jessie),,Pi,"1,121,33,3,6,12,15,28,42,51,54,58,59,119"
270,,Raspbian GNU/Linux 9 (stretch),,Pi,"1,121,33,3,6,12,15,26,28,42,51,54,58,59,119"
270,,Raspbian GNU/Linux 9 (stretch),,Pi,"1,121,33,3,6,12,15,26,28,42,51,54,58,59,119"
1209,,Red Hat Linux 6.2,,,"1,3,6,15,28,12,7,9,42,48,49"
1209,,Red Hat Linux 6.2,,,"1,3,6,15,28,12,7,9,42,48,49"
1209,,Red Hat Linux 7.0,,,"1,3,6,15,28,12,7,9,42,48,49"
1209,,Red Hat Linux 7.0,,,"1,3,6,15,28,12,7,9,42,48,49"
44186,,ReplayTV,DVR,"DIRECTV, Inc.","1,2,3,4,7,6,15"
11388,,ReplayTV,DVR,"DIRECTV, Inc.","1,28"
14088,98,Ruckus H320/R510,Wireless Access Point,Ruckus,"1,2,3,6,15,28,42,43,44"
307,148,Samsung SmartTV,SmartTV,Samsung,"1,3,6,12,15,28,42,125"
307,148,Samsung SmartTV,SmartTV,Samsung,"1,3,6,12,15,28,42,125"
4068,54,ShoreTel IP Phone,VoIP Phone,"ShoreTel, Inc.","1,28,156,4,3,66,42"
2419,56,Siemens OpenStage 20/40/60/80,VoIP Phone,Siemens Enterprise Communications,"1,2,3,6,12,15,28,33,42,43,120"
2419,56,Siemens OpenStage 20/40/60/80,VoIP Phone,Siemens Enterprise Communications,"1,2,3,6,12,15,28,33,42,43,120"
2419,56,Siemens OpenStage 20/40/60/80 S,VoIP Phone,Siemens Enterprise Communications,"1,2,3,6,12,15,28,33,42,43,120"
2419,56,Siemens OpenStage 20/40/60/80 S,VoIP Phone,Siemens Enterprise Communications,"1,2,3,6,12,15,28,33,42,43,120"
56322,56,Siemens optiPoint 150 S,VoIP Phone,Siemens Enterprise Communications,"1,3,6,12,15,66"
56322,56,Siemens optiPoint 150 S,VoIP Phone,Siemens Enterprise Communications,"1,3,6,12,15,66"
2219,56,Siemens optiPoint 410/420,VoIP Phone,Siemens Enterprise Communications,"1,28,43,3"
2219,56,Siemens optiPoint 410/420,VoIP Phone,Siemens Enterprise Communications,"1,28,43,3"
56320,56,Siemens optiPoint 410/420,VoIP Phone,Siemens Enterprise Communications,"1,28,3,6,15,33,42,2,43"
56320,56,Siemens optiPoint 410/420,VoIP Phone,Siemens Enterprise Communications,"1,28,3,6,15,33,42,2,43"
2219,56,Siemens optiPoint 410/420 S,VoIP Phone,Siemens Enterprise Communications,"1,28,43,3"
2219,56,Siemens optiPoint 410/420 S,VoIP Phone,Siemens Enterprise Communications,"1,28,43,3"
56321,56,Siemens optiPoint 410/420 S,VoIP Phone,Siemens Enterprise Communications,"1,28,3,6,15,33,42,2,43,120"
56321,56,Siemens optiPoint 410/420 S,VoIP Phone,Siemens Enterprise Communications,"1,28,3,6,15,33,42,2,43,120"
46885,56,Siemens optiPoint WL2 professional,VoIP Phone,Siemens Enterprise Communications,"1,2,3,6,12,15,28,42,43,120"
46885,56,Siemens optiPoint WL2 professional,VoIP Phone,Siemens Enterprise Communications,"1,2,3,6,12,15,28,42,43,120"
46885,56,Siemens optiPoint WL2 professional S,VoIP Phone,Siemens Enterprise Communications,"1,2,3,6,12,15,28,42,43,120"
46885,56,Siemens optiPoint WL2 professional S,VoIP Phone,Siemens Enterprise Communications,"1,2,3,6,12,15,28,42,43,120"
47487,49,Sipura VoIP Adaptor,VoIP Gateway,Sipura Technology,"1,15,3,6,44,46,47,66"
1071,49,Sipura VoIP Adaptor,VoIP Gateway,Sipura Technology,"1,3,42,6,7,15,58,59,44,66"
273,,Slax 5.x-6.x based distros,,,"1,3,6,12,15,17,23,28,29,31,33,40,41,42,119"
273,,Slax 5.x-6.x based distros,,,"1,3,6,12,15,17,23,28,29,31,33,40,41,42,119"
11635,43427,SLED 10,,,"1,28,2,3,15,6,12,40,41"
11635,43427,SLED 10,,,"1,28,2,3,15,6,12,40,41"
1168,43427,SLED 10.1,,,"1,3,6,12,15,17,23,28,29,31,33,40,41,42,9,7,44,45,46,47,119"
1168,43427,SLED 10.1,,,"1,3,6,12,15,17,23,28,29,31,33,40,41,42,9,7,44,45,46,47,119"
302,143,Slingbox,DVR,Sling Media,"1,3,6,15,44,46,47"
1664,,SPA 941,VoIP Phone,Linksys,"1,3,42,6,7,15,58,59,66"
1664,,SPA 941,VoIP Phone,Linksys,"1,3,42,6,7,15,58,59,66"
19206,,SPA 942,VoIP Phone,Linksys,"1,3,42,6,7,15,58,59,44,66,150,151"
19206,,SPA 942,VoIP Phone,Linksys,"1,3,42,6,7,15,58,59,44,66,150,151"
9274,,SPA 942,VoIP Phone,Linksys,"1,3,42,6,7,15,58,59,44,66,150,2,151"
9274,,SPA 942,VoIP Phone,Linksys,"1,3,42,6,7,15,58,59,44,66,150,2,151"
555,53,Star TSP654,Printer,Star,"1,3,6,12,15,28,40,41,42"
54926,240,Sun Blade 100 Workstation,Workstation,"Sun Microsystems, Inc.","1,3,12,43"
60468,251,SunOS 5.6,,,"1,2,3,5,6,12,15,19,28,33,40,41,64,65"
42926,48,SunRocket Gizmo,VoIP Gateway,"InnoMedia, Inc.","3,1,6,12,15,67,66,43"
42926,48,SunRocket Gizmo,VoIP Gateway,"InnoMedia, Inc.","3,1,6,12,15,67,66,43"
42589,119,SUSE Linux Enterprise,,,"1,3,6,12,15,17,23,28,29,31,33,40,41,42,9,7,200,44"
11635,119,SUSE Linux Enterprise,,,"1,28,2,3,15,6,12,40,41"
56427,119,SUSE Linux Enterprise 9.3,,,"1,3,6,12,15,17,23,28,29,31,33,40,41,42,9,7,44,45,46,47"
56427,119,SUSE Linux Enterprise 9.3,,,"1,3,6,12,15,17,23,28,29,31,33,40,41,42,9,7,44,45,46,47"
11390,87,Symbol Wireless Access Point,Wireless Access Point,Symbol,"1,3,6,12,15,43,66,67,128,129,130,131,132,133,134,135"
246,87,Symbol Wireless Switch,Wireless Controller,Symbol,"1,28,2,3,15,6,12"
246,87,Symbol Wireless Switch,Wireless Controller,Symbol,"1,28,2,3,15,6,12"
53904,33710,TallyGenicom Printer,Printer,TallyGenicom LP,"1,3,6,58,59,44,46,47"
60457,224,TANDBERG,Video Conferencing,TANDBERG,"1,3,7"
60459,224,TANDBERG 1000,Video Conferencing,TANDBERG,"1,3,6,12,15,120,242"
246,140,TiVo,DVR,TiVo,"1,28,2,3,15,6,12"
60454,140,TiVo,DVR,TiVo,"28,2,3,15,6,12"
307,9961,Tizen Linux,,,"1,3,6,12,15,28,42,125"
307,9961,Tizen Linux,,,"1,3,6,12,15,28,42,125"
1199,44,TP-LINK Wireless LAN Router,Wireless Router,"TP-LINK Technologies Co., Ltd.","1,3,43,44,46,47,6"
1199,44,TP-LINK Wireless LAN Router,Wireless Router,"TP-LINK Technologies Co., Ltd.","1,3,43,44,46,47,6"
1103,99,Trapeze MP-422 Wireless Access Point,Wireless Access Point           ,Trapeze Networks,"1,15,3,6,43"
291,96,Trendnet IP Camera,IP Network Camera,TRENDnet,"1,3,6"
384,96,Trendnet Print Server,Printer,TRENDnet,"1,3"
55778,96,Trendnet Wireless Access Point,Wireless Access Point,TRENDnet,"1,28,6,5,3,44,15"
44325,96,Trendnet Wireless Access Point,Wireless Access Point,TRENDnet,"6,5,3,44,15"
246,122,Ubuntu,,,"1,28,2,3,15,6,12"
246,122,Ubuntu,,,"1,28,2,3,15,6,12"
282,122,Ubuntu 11 based distro,,,"1,28,2,3,15,6,119,12,44,47,26,121,42,121,249,252,42"
282,122,Ubuntu 11 based distro,,,"1,28,2,3,15,6,119,12,44,47,26,121,42,121,249,252,42"
282,122,Ubuntu 12 based distro,,,"1,28,2,3,15,6,119,12,44,47,26,121,42,121,249,252,42"
282,122,Ubuntu 12 based distro,,,"1,28,2,3,15,6,119,12,44,47,26,121,42,121,249,252,42"
42733,122,Ubuntu 18.x,,,"1,28,2,3,15,6,119,12,44,47,26,121,42,249,33,252"
56087,122,Ubuntu 19.x,,,"1,3,12,15,6,2,26,28,121,33,40,41,42,54,119,249,252,17"
56087,122,Ubuntu 19.x,,,"1,3,12,15,6,2,26,28,121,33,40,41,42,54,119,249,252,17"
71752,122,Ubuntu 20.x,,,"1,2,6,12,15,26,28,121,3,33,40,41,42,119,249,252,17"
71752,122,Ubuntu 22.x,,,"1,2,6,12,15,26,28,121,3,33,40,41,42,119,249,252,17"
249,122,Ubuntu 6.0.6,,,"1,28,2,3,15,6,12,44,47"
249,122,Ubuntu 6.0.6,,,"1,28,2,3,15,6,12,44,47"
249,122,Ubuntu 6.10,,,"1,28,2,3,15,6,12,44,47"
249,122,Ubuntu 6.10,,,"1,28,2,3,15,6,12,44,47"
249,122,Ubuntu 7.x based distro,,,"1,28,2,3,15,6,12,44,47"
249,122,Ubuntu 7.x based distro,,,"1,28,2,3,15,6,12,44,47"
248,122,Ubuntu 8.04,,,"1,28,2,3,15,6,12,42"
248,122,Ubuntu 8.04,,,"1,28,2,3,15,6,12,42"
244,122,Ubuntu 8.10 based distro,,,"1,28,2,3,15,6,119,12,44,47,26"
244,122,Ubuntu 8.10 based distro,,,"1,28,2,3,15,6,119,12,44,47,26"
275,122,Ubuntu 9-10 based distro,,,"1,28,2,3,15,6,119,12,44,47,26,121"
275,122,Ubuntu 9-10 based distro,,,"1,28,2,3,15,6,119,12,44,47,26,121"
276,122,Ubuntu 9-10 based distro,,,"1,28,2,3,15,6,119,12,44,47,26,121,42"
276,122,Ubuntu 9-10 based distro,,,"1,28,2,3,15,6,119,12,44,47,26,121,42"
56313,47,UniData IP Phone,VoIP Phone,UniData Communications Systems Inc.,"54,51,58,59,1,3,6,15,28,139"
53162,46,Uniden DTA VoIP Adapater,VoIP Gateway,Uniden,"1,2,3,6,15,42"
419,,UnionCam Q5,IP Network Camera,UnionCam,"1,3,6,12,15,28,42"
419,,UnionCam Q5,IP Network Camera,UnionCam,"1,3,6,12,15,28,42"
56319,53,UTStarcom F3000,VoIP Phone,"UTStarcom, Inc.","1,6,15,3,43"
555,4903,Vizio Smart TV 2.1.18.x,Smart TV,Vizio,"1,3,6,12,15,28,40,41,42"
555,4903,Vizio Smart TV 2.1.18.x,Smart TV,Vizio,"1,3,6,12,15,28,40,41,42"
555,,WD My Book World Edition,NAS,Western Digital Corp.,"1,3,6,12,15,28,40,41,42"
555,,WD My Book World Edition,NAS,Western Digital Corp.,"1,3,6,12,15,28,40,41,42"
555,,WD ShareSpace,NAS,Western Digital Corp.,"1,3,6,12,15,28,40,41,42"
555,,WD ShareSpace,NAS,Western Digital Corp.,"1,3,6,12,15,28,40,41,42"
496,,Wii,Game Console,"Nintendo Co., Ltd.","1,3,6,15,28,33"
496,,Wii,Game Console,"Nintendo Co., Ltd.","1,3,6,15,28,33"
6784,,Wii,Game Console,"Nintendo Co., Ltd.","1,3,6,12,15,28,33,58,59"
496,,Wii 4.3u,Game Console,"Nintendo Co., Ltd.","1,3,6,15,28,33"
496,,Wii 4.3u,Game Console,"Nintendo Co., Ltd.","1,3,6,15,28,33"
2,1,Windows,,,"1,15,3,6,44,46,47,31,33,249,43"
2,1,Windows,,,"1,15,3,6,44,46,47,31,33,249,43"
3,1,Windows,,,"1,15,3,6,44,46,47,31,33,249,43,252"
11253,1,Windows 10,,,"1,3,6,15,31,33,43,44,46,47,121,249,252"
33,1,Windows 10,,,"1,15,3,6,44,46,47,31,33,121,249,43,252"
44120,1,Windows 10,,,"1,3,6,15,31,33,43,44,46,47,119,121,249,252"
2432,1,Windows 10,,,"1,121,3,6,15,119,252,95,44,46"
11253,1,Windows 10 - 1607,,,"1,3,6,15,31,33,43,44,46,47,121,249,252"
11253,1,Windows 10 - 1607,,,"1,3,6,15,31,33,43,44,46,47,121,249,252"
11253,1,Windows 10 - 1703,,,"1,3,6,15,31,33,43,44,46,47,121,249,252"
11253,1,Windows 10 - 1703,,,"1,3,6,15,31,33,43,44,46,47,121,249,252"
11253,1,Windows 10 - 1709,,,"1,3,6,15,31,33,43,44,46,47,121,249,252"
44120,1,Windows 10 - 1803,,,"1,3,6,15,31,33,43,44,46,47,119,121,249,252"
44120,1,Windows 10 - 1809,,,"1,3,6,15,31,33,43,44,46,47,119,121,249,252"
44120,1,Windows 10 - 1909,,,"1,3,6,15,31,33,43,44,46,47,119,121,249,252"
44120,1,Windows 11 - 22000,,,"1,3,6,15,31,33,43,44,46,47,119,121,249,252"
44120,1,Windows 11 - 22000,,,"1,3,6,15,31,33,43,44,46,47,119,121,249,252"
9,1,Windows 2000,,,"1,15,3,6,44,46,47,31,33,43"
42606,1,Windows 2000,,,"1,15,3,6,44,46,47,31,33,43,252"
56280,1,Windows 2000,,,"1,15,3,6,44,46,47,31,33,43,252,12"
9,1,Windows 2000,,,"1,15,3,6,44,46,47,31,33,43"
56281,1,Windows 2000,,,"15,3,6,44,46,47,31,33,43"
56282,1,Windows 2000,,,"15,3,6,44,46,47,31,33,43,252"
24,1,Windows 7,,,"1,15,3,6,44,46,47,31,33,121,249,43"
24,1,Windows 7,,,"1,15,3,6,44,46,47,31,33,121,249,43"
33,1,Windows 7,,,"1,15,3,6,44,46,47,31,33,121,249,43,252"
33,1,Windows 7 SP1,,,"1,15,3,6,44,46,47,31,33,121,249,43,252"
24,1,Windows 7 SP1,,,"1,15,3,6,44,46,47,31,33,121,249,43"
35,1,Windows 8.1,,,"1,15,3,6,44,46,47,31,33,121,249,252,43"
35,1,Windows 8.1,,,"1,15,3,6,44,46,47,31,33,121,249,252,43"
50225,1,Windows 95,,,"1,3,15,6,44,46,47"
50225,1,Windows 95 B,,,"1,3,15,6,44,46,47"
7520,1,Windows 98,,,"1,3,6,15,44,46,47,57"
7520,1,Windows 98,,,"1,3,6,15,44,46,47,57"
1357,1,Windows 98 SE,,,"1,15,3,6,44,46,47,43,77"
1357,1,Windows 98 SE,,,"1,15,3,6,44,46,47,43,77"
56284,1,Windows 98 SE,,,"15,3,6,44,46,47,43,77"
56285,1,Windows 98 SE,,,"15,3,6,44,46,47,43,77,252"
56286,1,Windows 98 SE,,,"1,15,3,6,44,46,47,43,77,252"
302,1,Windows CE,,,"1,3,6,15,44,46,47"
302,1,Windows CE,,,"1,3,6,15,44,46,47"
45583,1,Windows ME,,,"1,15,3,6,44,46,47,31,33,43,77"
45583,1,Windows ME,,,"1,15,3,6,44,46,47,31,33,43,77"
56283,1,Windows ME,,,"15,3,6,44,46,47,31,33,43,77"
11352,1,Windows NT 4,,,"1,15,3,44,46,47,6"
11352,1,Windows NT 4,,,"1,15,3,44,46,47,6"
1047,1,Windows NT 4,,,"1,2,3,6,12,15,26,28,85,86,87,88,44,45,46,47,70,69,78,79"
302,1,Windows Phone 7.5,Smartphone,Microsoft Corp.,"1,3,6,15,44,46,47"
302,1,Windows Phone 7.5,Smartphone,Microsoft Corp.,"1,3,6,15,44,46,47"
2,1,Windows Server 2003,,,"1,15,3,6,44,46,47,31,33,249,43"
2,1,Windows Server 2003,,,"1,15,3,6,44,46,47,31,33,249,43"
3,1,Windows Server 2003,,,"1,15,3,6,44,46,47,31,33,249,43,252"
2,1,Windows Server 2003,,,"1,15,3,6,44,46,47,31,33,249,43"
24,1,Windows Server 2008,,,"1,15,3,6,44,46,47,31,33,121,249,43"
33,1,Windows Server 2008,,,"1,15,3,6,44,46,47,31,33,121,249,43,252"
24,1,Windows Server 2008,,,"1,15,3,6,44,46,47,31,33,121,249,43"
32949,1,Windows Server 2012,,,54
32952,1,Windows Server 2012,,,83
32951,1,Windows Server 2012,,,43
35,1,Windows Server 2012 R2,,,"1,15,3,6,44,46,47,31,33,121,249,252,43"
35,1,Windows Server 2012 R2,,,"1,15,3,6,44,46,47,31,33,121,249,252,43"
11253,1,Windows Server 2016,,,"1,3,6,15,31,33,43,44,46,47,121,249,252"
32949,1,Windows Server 2016,,,54
11253,1,Windows Server 2016,,,"1,3,6,15,31,33,43,44,46,47,121,249,252"
11446,1,Windows Server 2016,,,3
24,1,Windows Vista,,,"1,15,3,6,44,46,47,31,33,121,249,43"
33,1,Windows Vista,,,"1,15,3,6,44,46,47,31,33,121,249,43,252"
3,1,Windows Vista,,,"1,15,3,6,44,46,47,31,33,249,43,252"
24,1,Windows Vista,,,"1,15,3,6,44,46,47,31,33,121,249,43"
2,1,Windows XP,,,"1,15,3,6,44,46,47,31,33,249,43"
3,1,Windows XP,,,"1,15,3,6,44,46,47,31,33,249,43,252"
32938,1,Windows XP,,,"1,15,3,6,44,46,47,31,33,249,43,252,12"
2,1,Windows XP,,,"1,15,3,6,44,46,47,31,33,249,43"
42449,1,Windows XP,,,"15,3,6,44,46,47,31,33,249,43"
42450,1,Windows XP,,,"15,3,6,44,46,47,31,33,249,43,252"
42451,1,Windows XP,,,"15,3,6,44,46,47,31,33,249,43,252,12"
42452,1,Windows XP,,,"28,2,3,15,6,12,44,47"
2,1,Windows XP SP3,,,"1,15,3,6,44,46,47,31,33,249,43"
2,1,Windows XP SP3,,,"1,15,3,6,44,46,47,31,33,249,43"
3,1,Windows XP SP3,,,"1,15,3,6,44,46,47,31,33,249,43,252"
419,,WyzeCam v2,IP Network Camera,Wyze,"1,3,6,12,15,28,42"
419,,WyzeCam v2,IP Network Camera,Wyze,"1,3,6,12,15,28,42"
244,,Xandros,,,"1,28,2,3,15,6,119,12,44,47,26"
244,,Xandros,,,"1,28,2,3,15,6,119,12,44,47,26"
45417,134,Xbox,Game Console,Microsoft Corp.,"3,6"
291,134,Xbox 360,Game Console,Microsoft Corp.,"1,3,6"
289,134,Xbox 360,Game Console,Microsoft Corp.,"1,3,6,15"
291,134,Xbox 360,Game Console,Microsoft Corp.,"1,3,6"
289,134,Xbox 360,Game Console,Microsoft Corp.,"1,3,6,15"
42608,159,Xerox - D95,Printer,Xerox Corp.,252
49778,159,Xerox Printer,Printer,Xerox Corp.,"51,1,3,58,59,12,44,54,6,15,144"
346,159,Xerox Printer,Printer,Xerox Corp.,"1,28,3,15,6,12,44,78,79"
6325,159,Xerox Printer,Printer,Xerox Corp.,"1,28,3,15,6,12,44,78,79,66,67"
356,159,Xerox Printer,Printer,Xerox Corp.,"1,3,28,58,59,6,15,78,79,44,46,69,66,67,12"
11266,159,Xerox Printer,Printer,Xerox Corp.,12
60465,159,Xerox Printer,Printer,Xerox Corp.,"1,3,28,6,15,44,46,69,12,81"
1090,159,Xerox Printer,Printer,Xerox Corp.,"1,3,28,58,59,6,15,78,79,44,46,69,12,81"
357,159,Xerox Printer,Printer,Xerox Corp.,"1,3,28,58,59,6,15,78,79,44,46,69,66,67,12,81"
1132,159,Xerox Printer,Printer,Xerox Corp.,"1,28,3,58,59,6,15,78,79,12,44,46,69,116,66,67"
1047,159,Xerox Printer,Printer,Xerox Corp.,"1,2,3,6,12,15,26,28,85,86,87,88,44,45,46,47,70,69,78,79"
344,159,Xerox Printer,Printer,Xerox Corp.,"1,2,3,6,12,15,26,28,85,86,87,88,44,45,46,47,70,69,78,79,120"
42608,159,Xerox WorkCentre,Printer,Xerox Corp.,252
347,159,Xerox WorkCentre,Printer,Xerox Corp.,"1,28,3,15,6,12,44,78,79,2,42"
42608,159,Xerox WorkCentre - 5335,Printer,Xerox Corp.,252
42608,159,Xerox WorkCentre - 7125,Printer,Xerox Corp.,252
32938,159,Xerox WorkCentre - 7545,Printer,Xerox Corp.,"1,15,3,6,44,46,47,31,33,249,43,252,12"
272,117,Zenwalk based distro,,,"1,3,6,12,15,17,23,28,29,31,33,40,41,42"
272,117,Zenwalk based distro,,,"1,3,6,12,15,17,23,28,29,31,33,40,41,42"
56318,52,ZyXEL WiFi Phone,VoIP Phone,ZyXEL Corp.,"1,3,6,66,15"
