author,comments,device_type,device_url,device_vendor,last_updated,name,os_class,os_name,os_url,os_vendor,tests
xnih13@gmail.com,,,,,2022-04-05,CIFS Client,,,,,"[{""weight"": ""5"", ""matchtype"": ""exact"", ""smbnativelanman"": ""CIFS VFS Client for Linux""}]"
xnih13@gmail.com,,Printer,,Dell,2021-05-03,Dell Printer,,,,,"[{""weight"": ""5"", ""matchtype"": ""exact"", ""smbnativename"": ""FXNIC 0.01""}, {""weight"": ""5"", ""matchtype"": ""exact"", ""smbnativelanman"": ""FXNIC0.01""}]"
xnih13@gmail.com,,,,,2019-02-14,FreeBSD,FreeBSD,FreeBSD,http://www.freebsd.org,FreeBSD,"[{""weight"": ""7"", ""matchtype"": ""exact"", ""smbnativename"": ""FreeBSD""}, {""weight"": ""5"", ""matchtype"": ""exact"", ""smbnativelanman"": ""NETSMB""}]"
xnih13@gmail.com,,,,,2021-10-27,GuardianOS,,,,,"[{""weight"": ""5"", ""matchtype"": ""exact"", ""smbnativelanman"": ""Samba Samba for GuardianOS v4.3.007.200609131215""}, {""weight"": ""5"", ""matchtype"": ""exact"", ""smbnativelanman"": ""Samba Samba for GuardianOS v5.0.133.200807301131""}, {""weight"": ""5"", ""matchtype"": ""exact"", ""smbnativelanman"": ""Samba for GuardianOS v.7.7.220""}]"
xnih13@gmail.com,,,,,2022-02-21,isilon,isilon,isilon,https://www.dell.com/en-us/dt/storage/powerscale.htm,dell,"[{""weight"": ""7"", ""matchtype"": ""exact"", ""smbnativelanman"": ""Isilon OneFS""}]"
xnih13@gmail.com,,,,,2021-05-03,Mac OS X,Mac OS,Mac OS X,http://www.apple.com/macosx,"Apple, Inc.","[{""weight"": ""7"", ""matchtype"": ""exact"", ""smbnativename"": ""MacOSX""}, {""weight"": ""5"", ""matchtype"": ""exact"", ""smbnativelanman"": ""NETSMB""}, {""weight"": ""5"", ""matchtype"": ""exact"", ""smbnativename"": ""Darwin""}]"
xnih13@gmail.com,,,,,2020-05-27,Mac OS X - 10.10,Mac OS,Yosemite,http://www.apple.com/macosx,"Apple, Inc.","[{""weight"": ""7"", ""matchtype"": ""exact"", ""smbnativename"": ""Mac OS X 10.10""}]"
xnih13@gmail.com,,,,,2020-05-27,Mac OS X - 10.10.5,Mac OS,Yosemite,http://www.apple.com/macosx,"Apple, Inc.","[{""weight"": ""10"", ""matchtype"": ""exact"", ""smbnativelanman"": ""@(#)PROGRAM:smbd  PROJECT:smbx-327.20.3""}]"
xnih13@gmail.com,,,,,2020-05-27,Mac OS X - 10.11,Mac OS,El Capitan,http://www.apple.com/macosx,"Apple, Inc.","[{""weight"": ""7"", ""matchtype"": ""exact"", ""smbnativename"": ""Mac OS X 10.11""}]"
xnih13@gmail.com,,,,,2020-05-27,Mac OS X - 10.11.6,Mac OS,El Capitan,http://www.apple.com/macosx,"Apple, Inc.","[{""weight"": ""10"", ""matchtype"": ""exact"", ""smbnativelanman"": ""@(#)PROGRAM:smbd  PROJECT:smbx-347.60.1""}]"
xnih13@gmail.com,,,,,2020-05-27,Mac OS X - 10.12,Mac OS,Sierra,http://www.apple.com/macosx,"Apple, Inc.","[{""weight"": ""7"", ""matchtype"": ""exact"", ""smbnativename"": ""Mac OS X 10.12""}]"
xnih13@gmail.com,,,,,2020-05-27,Mac OS X - 10.12.6,Mac OS,Sierra,http://www.apple.com/macosx,"Apple, Inc.","[{""weight"": ""10"", ""matchtype"": ""exact"", ""smbnativelanman"": ""@(#)PROGRAM:smbd  PROJECT:smbx-378.20.1""}]"
xnih13@gmail.com,,,,,2020-05-27,Mac OS X - 10.13,Mac OS,High Sierra,http://www.apple.com/macosx,"Apple, Inc.","[{""weight"": ""7"", ""matchtype"": ""exact"", ""smbnativename"": ""Mac OS X 10.13""}, {""weight"": ""5"", ""matchtype"": ""exact"", ""smbnativelanman"": ""SMBFS 3.2.3""}]"
xnih13@gmail.com,,,,,2020-05-27,Mac OS X - 10.13.4,Mac OS,High Sierra,http://www.apple.com/macosx,"Apple, Inc.","[{""weight"": ""10"", ""matchtype"": ""exact"", ""smbnativelanman"": ""@(#)PROGRAM:smbd  PROJECT:smbx-407.50.7""}]"
xnih13@gmail.com,,,,,2020-05-27,Mac OS X - 10.13.6,Mac OS,High Sierra,http://www.apple.com/macosx,"Apple, Inc.","[{""weight"": ""10"", ""matchtype"": ""exact"", ""smbnativelanman"": ""@(#)PROGRAM:smbd  PROJECT:smbx-407.60.1""}]"
xnih13@gmail.com,,,,,2020-05-27,Mac OS X - 10.14,Mac OS,Mojave,http://www.apple.com/macosx,"Apple, Inc.","[{""weight"": ""7"", ""matchtype"": ""exact"", ""smbnativename"": ""Mac OS X 10.14""}, {""weight"": ""5"", ""matchtype"": ""exact"", ""smbnativelanman"": ""SMBFS 3.3.2""}]"
xnih13@gmail.com,,,,,2020-05-27,Mac OS X - 10.14.3,Mac OS,Mojave,http://www.apple.com/macosx,"Apple, Inc.","[{""weight"": ""10"", ""matchtype"": ""exact"", ""smbnativelanman"": ""@(#)PROGRAM:smbd  PROJECT:smbx-407.200.5""}]"
xnih13@gmail.com,,,,,2020-05-27,Mac OS X - 10.14.4,Mac OS,Mojave,http://www.apple.com/macosx,"Apple, Inc.","[{""weight"": ""10"", ""matchtype"": ""exact"", ""smbnativelanman"": ""@(#)PROGRAM:smbd  PROJECT:smbx-407.250.4""}]"
xnih13@gmail.com,,,,,2020-05-27,Mac OS X - 10.14.6,Mac OS,Mojave,http://www.apple.com/macosx,"Apple, Inc.","[{""weight"": ""10"", ""matchtype"": ""exact"", ""smbnativelanman"": ""@(#)PROGRAM:smbd  PROJECT:smbx-407.270.1""}]"
xnih13@gmail.com,,,,,2020-05-27,Mac OS X - 10.15,Mac OS,Catalina,http://www.apple.com/macosx,"Apple, Inc.","[{""weight"": ""7"", ""matchtype"": ""exact"", ""smbnativename"": ""Mac OS X 10.15""}, {""weight"": ""5"", ""matchtype"": ""exact"", ""smbnativelanman"": ""SMBFS 3.4""}]"
xnih13@gmail.com,,,,,2020-05-27,Mac OS X - 10.15.0,Mac OS,Catalina,http://www.apple.com/macosx,"Apple, Inc.","[{""weight"": ""10"", ""matchtype"": ""exact"", ""smbnativelanman"": ""@(#)PROGRAM:smbd  PROJECT:smbx-499.0.5""}]"
xnih13@gmail.com,,,,,2020-05-27,Mac OS X - 10.15.1,Mac OS,Catalina,http://www.apple.com/macosx,"Apple, Inc.","[{""weight"": ""10"", ""matchtype"": ""exact"", ""smbnativelanman"": ""@(#)PROGRAM:smbd  PROJECT:smbx-499.40.3""}]"
xnih13@gmail.com,,,,,2020-05-27,Mac OS X - 10.15.2,Mac OS,Catalina,http://www.apple.com/macosx,"Apple, Inc.","[{""weight"": ""10"", ""matchtype"": ""exact"", ""smbnativelanman"": ""@(#)PROGRAM:smbd  PROJECT:smbx-499.60.1""}]"
xnih13@gmail.com,,,,,2020-05-27,Mac OS X - 10.15.3,Mac OS,Catalina,http://www.apple.com/macosx,"Apple, Inc.","[{""weight"": ""10"", ""matchtype"": ""exact"", ""smbnativelanman"": ""@(#)PROGRAM:smbd  PROJECT:smbx-499.60.1""}]"
xnih13@gmail.com,,,,,2020-05-27,Mac OS X - 10.15.4,Mac OS,Catalina,http://www.apple.com/macosx,"Apple, Inc.","[{""weight"": ""10"", ""matchtype"": ""exact"", ""smbnativelanman"": ""@(#)PROGRAM:smbd  PROJECT:smbx-499.100.1""}]"
xnih13@gmail.com,,,,,2020-05-27,Mac OS X - 10.5,Mac OS,Leopard,http://www.apple.com/macosx,"Apple, Inc.","[{""weight"": ""5"", ""matchtype"": ""exact"", ""smbnativename"": ""Unix""}, {""weight"": ""7"", ""matchtype"": ""exact"", ""smbnativelanman"": ""3.0.25b-apple""}]"
xnih13@gmail.com,,,,,2022-09-27,Mac OS X - 10.6,Mac OS,Snow Leopard,http://www.apple.com/macosx,"Apple, Inc.","[{""weight"": ""5"", ""matchtype"": ""exact"", ""smbnativename"": ""Unix""}, {""weight"": ""7"", ""matchtype"": ""partial"", ""smbnativelanman"": ""3.0.28b-apple""}, {""weight"": ""7"", ""matchtype"": ""exact"", ""smbnativename"": ""Mac OS X 10.6""}]"
xnih13@gmail.com,,,,,2020-04-24,Mac OS X - 10.6.8,Mac OS,Snow Leopard,http://www.apple.com/macosx,"Apple, Inc.","[{""weight"": ""10"", ""matchtype"": ""exact"", ""smbnativename"": ""Mac OS X 10.6.8""}, {""weight"": ""5"", ""matchtype"": ""exact"", ""smbnativelanman"": ""SMBFS 1.6.7""}]"
xnih13@gmail.com,,,,,2020-05-27,Mac OS X - 10.7,Mac OS,Lion,http://www.apple.com/macosx,"Apple, Inc.","[{""weight"": ""7"", ""matchtype"": ""exact"", ""smbnativename"": ""Mac OS X 10.8""}, {""weight"": ""5"", ""matchtype"": ""exact"", ""smbnativelanman"": ""SMBFS 1.7.0""}]"
xnih13@gmail.com,,,,,2020-05-27,Mac OS X - 10.7.5,Mac OS,Lion,http://www.apple.com/macosx,"Apple, Inc.","[{""weight"": ""10"", ""matchtype"": ""exact"", ""smbnativelanman"": ""@(#)PROGRAM:smbd  PROJECT:smbx-105.8.70""}]"
xnih13@gmail.com,,,,,2020-05-27,Mac OS X - 10.8,Mac OS,Mountain Lion,http://www.apple.com/macosx,"Apple, Inc.","[{""weight"": ""7"", ""matchtype"": ""exact"", ""smbnativename"": ""Mac OS X 10.8""}, {""weight"": ""5"", ""matchtype"": ""exact"", ""smbnativelanman"": ""SMBFS 1.8.0""}]"
xnih13@gmail.com,,,,,2020-05-27,Mac OS X - 10.9,Mac OS,Mavericks,http://www.apple.com/macosx,"Apple, Inc.","[{""weight"": ""7"", ""matchtype"": ""exact"", ""smbnativename"": ""Mac OS X 10.9""}]"
xnih13@gmail.com,,,,,2020-05-27,Mac OS X - 10.9.5,Mac OS,Mavericks,http://www.apple.com/macosx,"Apple, Inc.","[{""weight"": ""10"", ""matchtype"": ""exact"", ""smbnativelanman"": ""@(#)PROGRAM:smbd  PROJECT:smbx-276.92.2""}]"
xnih13@gmail.com,,,,,2020-04-24,MikroTik,RouterOS,RouterOS,,MicroTik,"[{""weight"": ""10"", ""matchtype"": ""exact"", ""smbnativelanman"": ""MikrotikSMB""}]"
xnih13@gmail.com,,File Storage,,,2020-05-27,Netapp - Ontap 9.1,,,,Netapp,"[{""weight"": ""5"", ""matchtype"": ""exact"", ""smbnativename"": ""SpinCifsClient V1""}, {""weight"": ""5"", ""matchtype"": ""partial"", ""smbnativelanman"": ""SpinCifsClient LanMan""}]"
xnih13@gmail.com,,File Storage,,,2020-05-27,Netapp - Ontap 9.6,,,,Netapp,"[{""weight"": ""5"", ""matchtype"": ""exact"", ""smbnativename"": ""SpinStream2""}, {""weight"": ""5"", ""matchtype"": ""partial"", ""smbnativelanman"": ""Windows 2000 Lan Manager""}]"
xnih13@gmail.com,,,,,2020-04-24,Netreon,,,,Netreon,"[{""weight"": ""10"", ""matchtype"": ""exact"", ""smbnativelanman"": ""Netreon LANMAN 1.0""}]"
xnih13@gmail.com,,,,nmap.org,2020-10-01,NMAP,,,,Netreon,"[{""weight"": ""5"", ""matchtype"": ""exact"", ""smbnativelanman"": ""Native Lanman""}, {""weight"": ""10"", ""matchtype"": ""exact"", ""smbnativename"": ""Nmap""}]"
xnih13@gmail.com,,,,,2022-02-21,Redhat Linux,Linux,Linux,http://www.redhat.com,Redhat,"[{""weight"": ""5"", ""matchtype"": ""exact"", ""smbnativename"": ""RedHat Linux""}]"
xnih13@gmail.com,,,,,2020-04-24,Samba  4.x Client,,,http://www.samba.org,,"[{""weight"": ""5"", ""matchtype"": ""exact"", ""smbnativename"": ""Unix""}, {""weight"": ""7"", ""matchtype"": ""partial"", ""smbnativelanman"": ""Samba 4.""}]"
xnih13@gmail.com,,,,,2019-02-14,Samba 2.0 Client,,,http://www.samba.org,,"[{""weight"": ""5"", ""matchtype"": ""exact"", ""smbnativename"": ""Unix""}, {""weight"": ""7"", ""matchtype"": ""partial"", ""smbnativelanman"": ""Samba 2.0""}]"
xnih13@gmail.com,,,,,2020-04-24,Samba 2.2.x Client,,,http://www.samba.org,,"[{""weight"": ""5"", ""matchtype"": ""exact"", ""smbnativename"": ""Unix""}, {""weight"": ""7"", ""matchtype"": ""partial"", ""smbnativelanman"": ""Samba 2.2.""}]"
xnih13@gmail.com,,,,,2020-04-24,Samba 3.x Client,,,http://www.samba.org,,"[{""weight"": ""5"", ""matchtype"": ""exact"", ""smbnativename"": ""Unix""}, {""weight"": ""7"", ""matchtype"": ""partial"", ""smbnativelanman"": ""Samba 3.""}]"
xnih13@gmail.com,,,,,2020-04-24,Samba Client,,,http://www.samba.org,,"[{""weight"": ""5"", ""matchtype"": ""exact"", ""smbnativename"": ""Unix""}, {""weight"": ""5"", ""matchtype"": ""exact"", ""smbnativelanman"": ""Samba""}, {""weight"": ""5"", ""matchtype"": ""exact"", ""smbnativelanman"": ""SMBFS""}]"
xnih13@gmail.com,,,,,2021-10-27,Visuality Systems NQ Enterprise Storage SMB stack,,,,,"[{""weight"": ""5"", ""matchtype"": ""exact"", ""smbnativelanman"": ""NQ 7.3""}, {""weight"": ""5"", ""matchtype"": ""exact"", ""smbnativelanman"": ""NQ 4.32""}]"
xnih13@gmail.com,,,,,2021-10-27,Visuality Systems YNQ Storage SMB stack,,,,,"[{""weight"": ""5"", ""matchtype"": ""exact"", ""smbnativelanman"": ""YNQ 1.2.1""}]"
xnih13@gmail.com,,,,,2022-02-21,vSphere,VMware,VMware,http://www.vmware.com,VMware,"[{""weight"": ""7"", ""matchtype"": ""exact"", ""smbnativename"": ""Linux version 4.4.276-1.ph1""}, {""weight"": ""7"", ""matchtype"": ""exact"", ""smbnativelanman"": ""CIFS VFS Client for Linux""}]"
xnih13@gmail.com,10586,,,,2022-02-21,Windows 10 - 1511,Windows,Windows 10,http://windows.microsoft.com,Microsoft Corp.,"[{""weight"": ""10"", ""matchtype"": ""exact"", ""smbnativename"": ""Windows 10 Enterprise Evaluation 10586""}, {""weight"": ""7"", ""matchtype"": ""exact"", ""smbnativelanman"": ""Windows 10 Enterprise Evaluation 6.3""}, {""weight"": ""10"", ""matchtype"": ""exact"", ""smbnativename"": ""Windows 10 Pro 14393""}, {""weight"": ""10"", ""matchtype"": ""exact"", ""smbnativename"": ""Windows 10 Home 14393""}, {""weight"": ""10"", ""matchtype"": ""exact"", ""smbnativename"": ""Windows 10 Enterprise 14393""}, {""weight"": ""10"", ""matchtype"": ""exact"", ""smbnativename"": ""Windows 10 Education 14393""}, {""weight"": ""10"", ""matchtype"": ""exact"", ""smbnativename"": ""Windows 10 Enterprise N 14393""}]"
xnih13@gmail.com,14393,,,,2022-02-21,Windows 10 - 1607,Windows,Windows 10,http://www.microsoft.com,Microsoft Corp.,"[{""weight"": ""10"", ""matchtype"": ""exact"", ""smbnativename"": ""Windows 10 Pro 14393""}, {""weight"": ""10"", ""matchtype"": ""exact"", ""smbnativename"": ""Windows 10 Home 14393""}, {""weight"": ""10"", ""matchtype"": ""exact"", ""smbnativename"": ""Windows 10 Enterprise 14393""}, {""weight"": ""10"", ""matchtype"": ""exact"", ""smbnativename"": ""Windows 10 Education 14393""}, {""weight"": ""10"", ""matchtype"": ""exact"", ""smbnativename"": ""Windows 10 Enterprise N 14393""}]"
xnih13@gmail.com,15063,,,,2022-02-21,Windows 10 - 1703,Windows,Windows 10,http://www.microsoft.com,Microsoft Corp.,"[{""weight"": ""10"", ""matchtype"": ""exact"", ""smbnativename"": ""Windows 10 Pro 15063""}, {""weight"": ""10"", ""matchtype"": ""exact"", ""smbnativename"": ""Windows 10 Home 15063""}, {""weight"": ""10"", ""matchtype"": ""exact"", ""smbnativename"": ""Windows 10 Enterprise 15063""}, {""weight"": ""10"", ""matchtype"": ""exact"", ""smbnativename"": ""Windows 10 Education 15063""}, {""weight"": ""10"", ""matchtype"": ""exact"", ""smbnativename"": ""Windows 10 Enterprise N 15063""}]"
xnih13@gmail.com,16299,,,,2022-02-21,Windows 10 - 1709,Windows,Windows 10,http://www.microsoft.com,Microsoft Corp.,"[{""weight"": ""10"", ""matchtype"": ""exact"", ""smbnativename"": ""Windows 10 Pro 16299""}, {""weight"": ""10"", ""matchtype"": ""exact"", ""smbnativename"": ""Windows 10 Home 16299""}, {""weight"": ""10"", ""matchtype"": ""exact"", ""smbnativename"": ""Windows 10 Enterprise 16299""}, {""weight"": ""10"", ""matchtype"": ""exact"", ""smbnativename"": ""Windows 10 Education 16299""}, {""weight"": ""10"", ""matchtype"": ""exact"", ""smbnativename"": ""Windows 10 Enterprise N 16299""}]"
xnih13@gmail.com,17134,,,,2022-02-21,Windows 10 - 1803,Windows,Windows 10,http://www.microsoft.com,Microsoft Corp.,"[{""weight"": ""10"", ""matchtype"": ""exact"", ""smbnativename"": ""Windows 10 Pro 17134""}, {""weight"": ""10"", ""matchtype"": ""exact"", ""smbnativename"": ""Windows 10 Home 17134""}, {""weight"": ""10"", ""matchtype"": ""exact"", ""smbnativename"": ""Windows 10 Enterprise 17134""}, {""weight"": ""10"", ""matchtype"": ""exact"", ""smbnativename"": ""Windows 10 Education 17134""}, {""weight"": ""10"", ""matchtype"": ""exact"", ""smbnativename"": ""Windows 10 Enterprise N 17134""}]"
xnih13@gmail.com,17763,,,,2022-02-21,Windows 10 - 1809,Windows,Windows 10,http://www.microsoft.com,Microsoft Corp.,"[{""weight"": ""10"", ""matchtype"": ""exact"", ""smbnativename"": ""Windows 10 Pro 17763""}, {""weight"": ""10"", ""matchtype"": ""exact"", ""smbnativename"": ""Windows 10 Home 17763""}, {""weight"": ""10"", ""matchtype"": ""exact"", ""smbnativename"": ""Windows 10 Enterprise 17763""}, {""weight"": ""10"", ""matchtype"": ""exact"", ""smbnativename"": ""Windows 10 Education 17763""}, {""weight"": ""10"", ""matchtype"": ""exact"", ""smbnativename"": ""Windows 10 Enterprise N 17763""}]"
xnih13@gmail.com,18362,,,,2020-05-27,Windows 10 - 1903,Windows,Windows 10,http://www.microsoft.com,Microsoft Corp.,"[{""weight"": ""10"", ""matchtype"": ""exact"", ""smbnativename"": ""Windows 10 Pro 18362""}, {""weight"": ""10"", ""matchtype"": ""exact"", ""smbnativename"": ""Windows 10 Home 18362""}, {""weight"": ""10"", ""matchtype"": ""exact"", ""smbnativename"": ""Windows 10 Enterprise 18362""}, {""weight"": ""10"", ""matchtype"": ""exact"", ""smbnativename"": ""Windows 10 Education 18362""}, {""weight"": ""10"", ""matchtype"": ""exact"", ""smbnativename"": ""Windows 10 Enterprise N 18362""}]"
xnih13@gmail.com,18363,,,,2022-02-21,Windows 10 - 1909,Windows,Windows 10,http://www.microsoft.com,Microsoft Corp.,"[{""weight"": ""10"", ""matchtype"": ""exact"", ""smbnativename"": ""Windows 10 Pro 18363""}, {""weight"": ""10"", ""matchtype"": ""exact"", ""smbnativename"": ""Windows 10 Home 18363""}, {""weight"": ""10"", ""matchtype"": ""exact"", ""smbnativename"": ""Windows 10 Enterprise 18363""}, {""weight"": ""10"", ""matchtype"": ""exact"", ""smbnativename"": ""Windows 10 Education 18363""}, {""weight"": ""10"", ""matchtype"": ""exact"", ""smbnativename"": ""Windows 10 Enterprise N 18363""}]"
xnih13@gmail.com,19041,,,,2022-02-21,Windows 10 - 2004,Windows,Windows 10,http://www.microsoft.com,Microsoft Corp.,"[{""weight"": ""10"", ""matchtype"": ""exact"", ""smbnativename"": ""Windows 10 Pro 19041""}, {""weight"": ""10"", ""matchtype"": ""exact"", ""smbnativename"": ""Windows 10 Home 19041""}, {""weight"": ""10"", ""matchtype"": ""exact"", ""smbnativename"": ""Windows 10 Enterprise 19041""}, {""weight"": ""10"", ""matchtype"": ""exact"", ""smbnativename"": ""Windows 10 Education 19041""}, {""weight"": ""10"", ""matchtype"": ""exact"", ""smbnativename"": ""Windows 10 Enterprise N 19041""}]"
xnih13@gmail.com,10240,,,,2023-07-09,Windows 10 - 2015 LTSB,Windows,Windows 10,http://www.microsoft.com,Microsoft Corp.,"[{""weight"": ""10"", ""matchtype"": ""partial"", ""smbnativename"": ""Windows 10 Enterprise 2015 LTSB""}]"
xnih13@gmail.com,14393,,,,2023-07-09,Windows 10 - 2016 LTSB,Windows,Windows 10,http://www.microsoft.com,Microsoft Corp.,"[{""weight"": ""10"", ""matchtype"": ""partial"", ""smbnativename"": ""Windows 10 Enterprise 2016 LTSB""}]"
xnih13@gmail.com,17763,,,,2023-07-09,Windows 10 - 2019 LTSC,Windows,Windows 10,http://www.microsoft.com,Microsoft Corp.,"[{""weight"": ""10"", ""matchtype"": ""partial"", ""smbnativename"": ""Windows 10 Enterprise LTSC 2019""}]"
xnih13@gmail.com,19042,,,,2023-05-20,Windows 10 - 20H2,Windows,Windows 10,http://www.microsoft.com,Microsoft Corp.,"[{""weight"": ""10"", ""matchtype"": ""exact"", ""smbnativename"": ""Windows 10 Pro 19042""}, {""weight"": ""10"", ""matchtype"": ""exact"", ""smbnativename"": ""Windows 10 Home 19042""}, {""weight"": ""10"", ""matchtype"": ""exact"", ""smbnativename"": ""Windows 10 Enterprise 19042""}, {""weight"": ""10"", ""matchtype"": ""exact"", ""smbnativename"": ""Windows 10 Education 19042""}, {""weight"": ""5"", ""matchtype"": ""exact"", ""smbnativename"": ""Windows 10 Enterprise N 19042""}]"
xnih13@gmail.com,19043,,,,2023-05-20,Windows 10 - 21H1,Windows,Windows 10,http://www.microsoft.com,Microsoft Corp.,"[{""weight"": ""10"", ""matchtype"": ""exact"", ""smbnativename"": ""Windows 10 Pro 19043""}, {""weight"": ""10"", ""matchtype"": ""exact"", ""smbnativename"": ""Windows 10 Home 19043""}, {""weight"": ""10"", ""matchtype"": ""exact"", ""smbnativename"": ""Windows 10 Enterprise 19043""}, {""weight"": ""10"", ""matchtype"": ""exact"", ""smbnativename"": ""Windows 10 Education 19043""}, {""weight"": ""10"", ""matchtype"": ""exact"", ""smbnativename"": ""Windows 10 Enterprise N 19043""}]"
xnih13@gmail.com,19044,,,,2023-05-20,Windows 10 - 21H2,Windows,Windows 10,http://www.microsoft.com,Microsoft Corp.,"[{""weight"": ""10"", ""matchtype"": ""exact"", ""smbnativename"": ""Windows 10 Pro 19044""}, {""weight"": ""10"", ""matchtype"": ""exact"", ""smbnativename"": ""Windows 10 Home 19044""}, {""weight"": ""10"", ""matchtype"": ""exact"", ""smbnativename"": ""Windows 10 Enterprise 19044""}, {""weight"": ""10"", ""matchtype"": ""exact"", ""smbnativename"": ""Windows 10 Education 19044""}, {""weight"": ""10"", ""matchtype"": ""exact"", ""smbnativename"": ""Windows 10 Enterprise N 19044""}]"
xnih13@gmail.com,19045,,,,2023-05-20,Windows 10 - 22H2,Windows,Windows 10,http://www.microsoft.com,Microsoft Corp.,"[{""weight"": ""10"", ""matchtype"": ""exact"", ""smbnativename"": ""Windows 10 Pro 19045""}, {""weight"": ""10"", ""matchtype"": ""exact"", ""smbnativename"": ""Windows 10 Home 19045""}, {""weight"": ""10"", ""matchtype"": ""exact"", ""smbnativename"": ""Windows 10 Enterprise 19045""}, {""weight"": ""10"", ""matchtype"": ""exact"", ""smbnativename"": ""Windows 10 Education 19045""}, {""weight"": ""10"", ""matchtype"": ""exact"", ""smbnativename"": ""Windows 10 Enterprise N 19045""}]"
xnih13@gmail.com,,,,,2019-02-14,Windows 2000,Windows,Windows 2000,http://www.microsoft.com,Microsoft Corp.,"[{""weight"": ""7"", ""matchtype"": ""exact"", ""smbnativename"": ""Windows 5.0""}, {""weight"": ""7"", ""matchtype"": ""exact"", ""smbnativename"": ""Windows 2000 2195""}, {""weight"": ""7"", ""matchtype"": ""exact"", ""smbnativelanman"": ""Windows 2000 LAN Manager""}, {""weight"": ""7"", ""matchtype"": ""exact"", ""smbnativelanman"": ""Windows 2000 5.0""}]"
xnih13@gmail.com,,,,,2022-02-21,Windows 7,Windows,Windows 7,http://www.microsoft.com/windows/windows-7/default.aspx,Microsoft Corp.,"[{""weight"": ""10"", ""matchtype"": ""exact"", ""smbnativename"": ""Windows 7 Enterprise 7600""}, {""weight"": ""7"", ""matchtype"": ""exact"", ""smbnativelanman"": ""Windows 7 Enterprise 6.1""}, {""weight"": ""10"", ""matchtype"": ""exact"", ""smbnativename"": ""Windows 7 Home Premium 7600""}, {""weight"": ""10"", ""matchtype"": ""exact"", ""smbnativelanman"": ""Windows 7 Home Premium 6.1""}, {""weight"": ""7"", ""matchtype"": ""partial"", ""smbnativename"": ""Windows 7""}, {""weight"": ""7"", ""matchtype"": ""partial"", ""smbnativename"": ""7600""}, {""weight"": ""7"", ""matchtype"": ""partial"", ""smbnativelanman"": ""6.1""}, {""weight"": ""10"", ""matchtype"": ""exact"", ""smbnativename"": ""Windows 7 Ultimate 7100""}, {""weight"": ""10"", ""matchtype"": ""exact"", ""smbnativelanman"": ""Windows 7 Ultimate 6.1""}, {""weight"": ""7"", ""matchtype"": ""exact"", ""smbnativename"": ""6.1""}, {""weight"": ""10"", ""matchtype"": ""exact"", ""smbnativename"": ""Windows 6.1""}]"
xnih13@gmail.com,,,,,2022-04-05,Windows 7 SP1,Windows,Windows 7,http://www.microsoft.com/windows/windows-7/default.aspx,Microsoft Corp.,"[{""weight"": ""10"", ""matchtype"": ""exact"", ""smbnativename"": ""Windows 7 Enterprise 7601 Service Pack 1""}, {""weight"": ""7"", ""matchtype"": ""exact"", ""smbnativelanman"": ""Windows 7 Enterprise 6.1""}, {""weight"": ""10"", ""matchtype"": ""exact"", ""smbnativename"": ""Windows Embedded Standard 7601 Service Pack 1""}]"
xnih13@gmail.com,,,,,2020-05-27,Windows 8,Windows,Windows 8,http://windows.microsoft.com/en-US/windows-8/meet,Microsoft Corp.,"[{""weight"": ""7"", ""matchtype"": ""partial"", ""smbnativelanman"": ""6.2""}, {""weight"": ""5"", ""matchtype"": ""exact"", ""smbnativename"": ""Windows 8 Enterprise 9200""}]"
xnih13@gmail.com,,,,,2023-07-09,Windows 8.1,Windows,Windows 8.1,http://windows.microsoft.com/en-US/windows-8/meet,Microsoft Corp.,"[{""weight"": ""5"", ""matchtype"": ""partial"", ""smbnativelanman"": ""6.3""}, {""weight"": ""10"", ""matchtype"": ""exact"", ""smbnativename"": ""Windows 8.1 Enterprise Evaluation 9600""}, {""weight"": ""10"", ""matchtype"": ""exact"", ""smbnativelanman"": ""Windows 8.1 Enterprise Evaluation 6.3""}, {""weight"": ""10"", ""matchtype"": ""partial"", ""smbnativename"": ""Windows 8.1 9600""}, {""weight"": ""10"", ""matchtype"": ""exact"", ""smbnativename"": ""Windows 8.1 Enterprise 9600""}, {""weight"": ""10"", ""matchtype"": ""exact"", ""smbnativename"": ""Windows 8.1 Pro 9600""}]"
xnih13@gmail.com,,,,,2022-02-21,Windows Embedded 7 SP1,Windows,Windows 7,http://www.microsoft.com/windows/windows-7/default.aspx,Microsoft Corp.,"[{""weight"": ""10"", ""matchtype"": ""exact"", ""smbnativename"": ""Windows Embedded Standard 7601 Service Pack 1""}, {""weight"": ""10"", ""matchtype"": ""exact"", ""smbnativelanman"": ""Windows Embedded Standard 6.1""}]"
xnih13@gmail.com,,,,,2020-04-24,Windows NT 4,Windows,Windows NT 4,http://www.microsoft.com,Microsoft Corp.,"[{""weight"": ""10"", ""matchtype"": ""exact"", ""smbnativename"": ""Windows NT 4.0""}, {""weight"": ""10"", ""matchtype"": ""exact"", ""smbnativename"": ""Windows NT 1381""}, {""weight"": ""10"", ""matchtype"": ""exact"", ""smbnativelanman"": ""NT LAN Manager 4.0""}, {""weight"": ""7"", ""matchtype"": ""exact"", ""smbnativelanman"": ""Windows 4.0""}, {""weight"": ""7"", ""matchtype"": ""exact"", ""smbnativename"": ""Windows 4.0""}]"
xnih13@gmail.com,,,,,2019-02-14,Windows Server 2003,Windows,Windows Server 2003,http://www.microsoft.com/windowsserver2003,Microsoft Corp.,"[{""weight"": ""10"", ""matchtype"": ""exact"", ""smbnativename"": ""Windows Server 2003 3790""}, {""weight"": ""7"", ""matchtype"": ""exact"", ""smbnativelanman"": ""Windows Server 2003 5.2""}]"
xnih13@gmail.com,,,,,2012-02-11,Windows Server 2003 R2,Windows,Windows Server 2003 R2,http://www.microsoft.com/windowsserver2003r2,Microsoft Corp.,"[{""weight"": ""10"", ""matchtype"": ""exact"", ""smbnativename"": ""Windows Server 2003 R2""}, {""weight"": ""10"", ""matchtype"": ""exact"", ""smbnativename"": ""Windows Server 2003 R2 3790 Service Pack 2""}]"
xnih13@gmail.com,,,,,2008-05-23,Windows Server 2003 SP1,Windows,Windows Server 2003 SP1,http://www.microsoft.com/windowsserver2003,Microsoft Corp.,"[{""weight"": ""10"", ""matchtype"": ""exact"", ""smbnativename"": ""Windows Server 2003 3790 Service Pack 1""}, {""weight"": ""10"", ""matchtype"": ""exact"", ""smbnativename"": ""Windows Server 2003 R2 3790 Service Pack 1""}, {""weight"": ""5"", ""matchtype"": ""exact"", ""smbnativelanman"": ""Windows Server 2003 5.2""}]"
xnih13@gmail.com,,,,,2019-02-14,Windows Server 2003 SP2,Windows,Windows Server 2003 SP2,http://www.microsoft.com/windowsserver2003,Microsoft Corp.,"[{""weight"": ""7"", ""matchtype"": ""exact"", ""smbnativelanman"": ""Windows Server 2003 5.2""}]"
xnih13@gmail.com,,,,,2019-02-14,Windows Server 2008,Windows,Windows Server 2008,http://www.microsoft.com/windowsserver2008,Microsoft Corp.,"[{""weight"": ""7"", ""matchtype"": ""exact"", ""smbnativename"": ""Windows Server 2008""}, {""weight"": ""7"", ""matchtype"": ""exact"", ""smbnativelanman"": ""Windows Server 2008""}]"
xnih13@gmail.com,,,,,2020-04-24,Windows Server 2008 R2,Windows,Windows Server 2008 R2,http://www.microsoft.com/windowsserver2008r2,Microsoft Corp.,"[{""weight"": ""10"", ""matchtype"": ""exact"", ""smbnativename"": ""Windows Server 2008 R2 Enterprise 7600""}, {""weight"": ""7"", ""matchtype"": ""exact"", ""smbnativelanman"": ""Windows Server 2008 R2 Enterprise 6.1""}, {""weight"": ""10"", ""matchtype"": ""exact"", ""smbnativename"": ""Windows Server 2008 R2 Standard 7600 ""}, {""weight"": ""7"", ""matchtype"": ""exact"", ""smbnativelanman"": ""Windows Server 2008 R2 Standard 6.1""}, {""weight"": ""7"", ""matchtype"": ""exact"", ""smbnativelanman"": ""Windows Server 2008 R2 Datacenter 6.1""}, {""weight"": ""10"", ""matchtype"": ""exact"", ""smbnativelanman"": ""Windows Storage Server 2008 R2 Standard 6.1""}]"
xnih13@gmail.com,,,,,2020-05-27,Windows Server 2008 R2 SP1,Windows,Windows Server 2008 R2,http://www.microsoft.com/windowsserver2008r2,Microsoft Corp.,"[{""weight"": ""10"", ""matchtype"": ""exact"", ""smbnativename"": ""Windows Server 2008 R2 Enterprise 7601 Service Pack 1""}, {""weight"": ""10"", ""matchtype"": ""exact"", ""smbnativename"": ""Windows Server 2008 R2 Datacenter 7601 Service Pack 1""}, {""weight"": ""7"", ""matchtype"": ""exact"", ""smbnativelanman"": ""Windows Server 2008 R2 Standard 6.1""}, {""weight"": ""10"", ""matchtype"": ""exact"", ""smbnativename"": ""Windows Server 2008 R2 Standard 7601 Service Pack 1""}, {""weight"": ""10"", ""matchtype"": ""exact"", ""smbnativename"": ""Windows Storage Server 2008 R2 Standard 7601 Service Pack 1""}]"
xnih13@gmail.com,,,,,2019-02-14,Windows Server 2008 SP2,Windows,Windows Server 2008,http://www.microsoft.com/windowsserver2008,Microsoft Corp.,"[{""weight"": ""10"", ""matchtype"": ""exact"", ""smbnativename"": ""Windows Server (R) 2008 Enterprise 6002 Service Pack 2""}, {""weight"": ""7"", ""matchtype"": ""exact"", ""smbnativelanman"": ""Windows Server (R) 2008 Enterprise 6.0""}]"
xnih13@gmail.com,,,,,2021-10-27,Windows Server 2012 R2,Windows,Windows Server 2012 R2,http://www.microsoft.com/windowsserver2008r2,Microsoft Corp.,"[{""weight"": ""10"", ""matchtype"": ""exact"", ""smbnativelanman"": ""Windows Server 2012 R2 Standard 6.3""}, {""weight"": ""10"", ""matchtype"": ""exact"", ""smbnativename"": ""Windows Server 2012 R2 Standard 9600""}, {""weight"": ""10"", ""matchtype"": ""exact"", ""smbnativename"": ""Windows Server 2012 R2 Datacenter 6.3""}, {""weight"": ""7"", ""matchtype"": ""exact"", ""smbnativelanman"": ""Windows Server 2012 R2 Datacenter 9600""}, {""weight"": ""7"", ""matchtype"": ""exact"", ""smbnativelanman"": ""Windows Server 2012 Standard 6.2""}, {""weight"": ""10"", ""matchtype"": ""exact"", ""smbnativename"": ""Windows Server 2012 Standard 9200""}, {""weight"": ""7"", ""matchtype"": ""exact"", ""smbnativelanman"": ""Windows Storage Server 2012 Standard 6.2""}, {""weight"": ""10"", ""matchtype"": ""exact"", ""smbnativename"": ""Windows Storage Server 2012 Standard 9200""}, {""weight"": ""10"", ""matchtype"": ""exact"", ""smbnativename"": ""Windows Server 2012 R2 Datacenter 9600""}, {""weight"": ""7"", ""matchtype"": ""exact"", ""smbnativelanman"": ""Windows Server 2012 R2 Workgroup 9600""}, {""weight"": ""7"", ""matchtype"": ""exact"", ""smbnativelanman"": ""Windows Server 2012 R2 Essentials 9600""}, {""weight"": ""7"", ""matchtype"": ""exact"", ""smbnativelanman"": ""Windows Server 2012 R2 Standard 9600""}, {""weight"": ""7"", ""matchtype"": ""exact"", ""smbnativelanman"": ""Windows Storage Server 2012 R2 Standard 9600""}, {""weight"": ""7"", ""matchtype"": ""exact"", ""smbnativelanman"": ""Windows Storage Server 2012 R2 Workgroup 9600""}, {""weight"": ""7"", ""matchtype"": ""exact"", ""smbnativelanman"": ""Windows Storage Server 2012 R2 Essentials 9600""}]"
xnih13@gmail.com,,,,,2020-04-22,Windows Server 2016,Windows,Windows Server 2016 6.3,http://www.microsoft.com/windowsserver2016,Microsoft Corp.,"[{""weight"": ""10"", ""matchtype"": ""exact"", ""smbnativename"": ""Windows Server 2016 Datacenter 14393""}, {""weight"": ""10"", ""matchtype"": ""exact"", ""smbnativelanman"": ""Windows Server 2016 Datacenter 6.3""}, {""weight"": ""10"", ""matchtype"": ""exact"", ""smbnativename"": ""Windows Server 2016 Standard 14393""}, {""weight"": ""10"", ""matchtype"": ""exact"", ""smbnativelanman"": ""Windows Server 2016 Standard 14393""}, {""weight"": ""10"", ""matchtype"": ""exact"", ""smbnativename"": ""Windows Server 2016 Standard 6.3""}, {""weight"": ""10"", ""matchtype"": ""exact"", ""smbnativelanman"": ""Windows Server 2016 Standard 6.3""}]"
xnih13@gmail.com,,,,,2020-04-22,Windows Server 2019,Windows,Windows Server 2019 6.3,http://www.microsoft.com/windowsserver2019,Microsoft Corp.,"[{""weight"": ""10"", ""matchtype"": ""exact"", ""smbnativename"": ""Windows Server 2019 Standard 17763""}, {""weight"": ""10"", ""matchtype"": ""exact"", ""smbnativelanman"": ""Windows Server 2019 Standard 17763""}, {""weight"": ""10"", ""matchtype"": ""exact"", ""smbnativename"": ""Windows Server 2019 Standard 6.3""}, {""weight"": ""10"", ""matchtype"": ""exact"", ""smbnativelanman"": ""Windows Server 2019 Standard 6.3""}]"
xnih13@gmail.com,,,,,2021-10-27,Windows Vista,Windows,Windows Vista,http://www.microsoft.com/windows/windows-vista,Microsoft Corp.,"[{""weight"": ""7"", ""matchtype"": ""partial"", ""smbnativename"": ""Windows Vista""}, {""weight"": ""7"", ""matchtype"": ""exact"", ""smbnativelanman"": ""Windows Vista""}]"
xnih13@gmail.com,,,,,2019-02-14,Windows Vista Ultimate,Windows,Windows Vista Ultimate,http://www.microsoft.com/windows/windows-vista,Microsoft Corp.,"[{""weight"": ""7"", ""matchtype"": ""partial"", ""smbnativename"": ""Windows Vista""}, {""weight"": ""7"", ""matchtype"": ""partial"", ""smbnativename"": ""(TM) Ultimate""}, {""weight"": ""7"", ""matchtype"": ""exact"", ""smbnativelanman"": ""Windows Vista (TM) Ultimate 6.0""}]"
xnih13@gmail.com,,,,,2019-02-14,Windows Vista Ultimate SP1,Windows,Windows Vista Ultimate SP1,http://www.microsoft.com/windows/windows-vista,Microsoft Corp.,"[{""weight"": ""10"", ""matchtype"": ""exact"", ""smbnativename"": ""Windows Vista (TM) Ultimate 6001 Service Pack 1""}, {""weight"": ""7"", ""matchtype"": ""exact"", ""smbnativelanman"": ""Windows Vista (TM) Ultimate 6.0""}]"
xnih13@gmail.com,,,,,2020-05-27,Windows XP,Windows,Windows XP,http://www.microsoft.com/windows/windows-xp,Microsoft Corp.,"[{""weight"": ""5"", ""matchtype"": ""exact"", ""smbnativename"": ""Windows 2002 2600""}, {""weight"": ""5"", ""matchtype"": ""exact"", ""smbnativename"": ""Windows 5.1""}, {""weight"": ""5"", ""matchtype"": ""exact"", ""smbnativelanman"": ""Windows 2002 5.1""}, {""weight"": ""5"", ""matchtype"": ""exact"", ""smbnativelanman"": ""Windows 2000 LAN Manager""}, {""weight"": ""1"", ""matchtype"": ""partial"", ""smbnativename"": ""2600""}, {""weight"": ""1"", ""matchtype"": ""partial"", ""smbnativename"": ""2002""}]"
xnih13@gmail.com,,,,,2020-05-27,Windows XP SP1,Windows,Windows XP,http://www.microsoft.com/windows/windows-xp,Microsoft Corp.,"[{""weight"": ""10"", ""matchtype"": ""exact"", ""smbnativename"": ""Windows 2002 Service Pack 1 2600""}, {""weight"": ""10"", ""matchtype"": ""exact"", ""smbnativename"": ""Windows 2002 2600 Service Pack 1""}, {""weight"": ""5"", ""matchtype"": ""exact"", ""smbnativelanman"": ""Windows 2002 5.1""}]"
xnih13@gmail.com,,,,,2020-05-27,Windows XP SP2,Windows,Windows XP,http://www.microsoft.com/windows/windows-xp,Microsoft Corp.,"[{""weight"": ""10"", ""matchtype"": ""exact"", ""smbnativename"": ""Windows 2002 Service Pack 2 2600""}, {""weight"": ""10"", ""matchtype"": ""exact"", ""smbnativename"": ""Windows 2002 Service Pack 2, v.2149 2600""}, {""weight"": ""5"", ""matchtype"": ""exact"", ""smbnativelanman"": ""Windows 2002 5.1""}]"
xnih13@gmail.com,,,,,2010-01-06,Windows XP SP3,Windows,Windows XP,http://www.microsoft.com/windows/windows-xp,Microsoft Corp.,"[{""weight"": ""10"", ""matchtype"": ""exact"", ""smbnativename"": ""Windows 2002 Service Pack 3 2600""}, {""weight"": ""5"", ""matchtype"": ""exact"", ""smbnativelanman"": ""Windows 2002 5.1""}]"
xnih13@gmail.com,,Printer,,Xerox Corp.,2021-05-03,Xerox WorkCentre - 6xxx,,,,,"[{""weight"": ""5"", ""matchtype"": ""exact"", ""smbnativename"": ""FXNICOS 0.1""}, {""weight"": ""5"", ""matchtype"": ""exact"", ""smbnativename"": ""FXNIC 0.01""}, {""weight"": ""5"", ""matchtype"": ""exact"", ""smbnativelanman"": ""FXNIC 0.01""}, {""weight"": ""5"", ""matchtype"": ""exact"", ""smbnativelanman"": ""SMB 1.0""}, {""weight"": ""5"", ""matchtype"": ""exact"", ""smbnativename"": ""S 1.00""}]"
